path,bytes
archive/crawl_rounds/m_verified/batchcrawl/20260526T024705Z/batchcrawl_20260526T024705Z_repo_discovery.csv,130
archive/crawl_rounds/m_verified/batchcrawl/20260526T024705Z/batchcrawl_20260526T024705Z_round0001_api_filelist_candidates.csv,72344
archive/crawl_rounds/m_verified/batchcrawl/20260526T024705Z/batchcrawl_20260526T024705Z_round0001_api_filelist_candidates.jsonl,130
archive/crawl_rounds/m_verified/batchcrawl/20260526T024705Z/batchcrawl_20260526T024705Z_round0001_api_filelist_candidates_remote_diff.csv,7580835
archive/crawl_rounds/m_verified/batchcrawl/20260526T024705Z/batchcrawl_20260526T024705Z_round0001_api_filelist_candidates_remote_diff.jsonl,132
archive/crawl_rounds/m_verified/batchcrawl/20260526T024705Z/batchcrawl_20260526T024705Z_round0001_api_filelist_candidates_repo_status.jsonl,129
archive/crawl_rounds/m_verified/batchcrawl/20260526T024705Z/batchcrawl_20260526T024705Z_round0002_api_filelist_candidates.csv,131
archive/crawl_rounds/m_verified/batchcrawl/20260526T024705Z/batchcrawl_20260526T024705Z_round0002_api_filelist_candidates.jsonl,131
archive/crawl_rounds/m_verified/batchcrawl/20260526T024705Z/batchcrawl_20260526T024705Z_round0002_api_filelist_candidates_remote_diff.csv,945642
archive/crawl_rounds/m_verified/batchcrawl/20260526T024705Z/batchcrawl_20260526T024705Z_round0002_api_filelist_candidates_remote_diff.jsonl,131
archive/crawl_rounds/m_verified/batchcrawl/20260526T024705Z/batchcrawl_20260526T024705Z_round0002_api_filelist_candidates_repo_status.jsonl,129
archive/crawl_rounds/m_verified/batchcrawl/20260526T024705Z/batchcrawl_20260526T024705Z_round0003_api_filelist_candidates.csv,131
archive/crawl_rounds/m_verified/batchcrawl/20260526T024705Z/batchcrawl_20260526T024705Z_round0003_api_filelist_candidates.jsonl,131
archive/crawl_rounds/m_verified/batchcrawl/20260526T024705Z/batchcrawl_20260526T024705Z_round0003_api_filelist_candidates_remote_diff.csv,1605027
archive/crawl_rounds/m_verified/batchcrawl/20260526T024705Z/batchcrawl_20260526T024705Z_round0003_api_filelist_candidates_remote_diff.jsonl,132
archive/crawl_rounds/m_verified/batchcrawl/20260526T024705Z/batchcrawl_20260526T024705Z_round0003_api_filelist_candidates_repo_status.jsonl,129
archive/crawl_rounds/m_verified/batchcrawl/20260526T024705Z/batchcrawl_20260526T024705Z_round0004_api_filelist_candidates.csv,130
archive/crawl_rounds/m_verified/batchcrawl/20260526T024705Z/batchcrawl_20260526T024705Z_round0004_api_filelist_candidates.jsonl,130
archive/crawl_rounds/m_verified/batchcrawl/20260526T024705Z/batchcrawl_20260526T024705Z_round0004_api_filelist_candidates_remote_diff.csv,3703424
archive/crawl_rounds/m_verified/batchcrawl/20260526T024705Z/batchcrawl_20260526T024705Z_round0004_api_filelist_candidates_remote_diff.jsonl,132
archive/crawl_rounds/m_verified/batchcrawl/20260526T024705Z/batchcrawl_20260526T024705Z_round0004_api_filelist_candidates_repo_status.jsonl,129
archive/crawl_rounds/m_verified/batchcrawl/20260526T025527Z/batchcrawl_20260526T025527Z_repo_discovery.csv,130
archive/crawl_rounds/m_verified/batchcrawl/20260526T025527Z/batchcrawl_20260526T025527Z_round0005_api_filelist_candidates.csv,130
archive/crawl_rounds/m_verified/batchcrawl/20260526T025527Z/batchcrawl_20260526T025527Z_round0005_api_filelist_candidates.jsonl,131
archive/crawl_rounds/m_verified/batchcrawl/20260526T025527Z/batchcrawl_20260526T025527Z_round0005_api_filelist_candidates_remote_diff.csv,1414947
archive/crawl_rounds/m_verified/batchcrawl/20260526T025527Z/batchcrawl_20260526T025527Z_round0005_api_filelist_candidates_remote_diff.jsonl,132
archive/crawl_rounds/m_verified/batchcrawl/20260526T025527Z/batchcrawl_20260526T025527Z_round0005_api_filelist_candidates_repo_status.jsonl,129
archive/crawl_rounds/m_verified/batchcrawl/20260526T025527Z/batchcrawl_20260526T025527Z_round0006_api_filelist_candidates.csv,130
archive/crawl_rounds/m_verified/batchcrawl/20260526T025527Z/batchcrawl_20260526T025527Z_round0006_api_filelist_candidates.jsonl,130
archive/crawl_rounds/m_verified/batchcrawl/20260526T025527Z/batchcrawl_20260526T025527Z_round0006_api_filelist_candidates_remote_diff.csv,960346
archive/crawl_rounds/m_verified/batchcrawl/20260526T025527Z/batchcrawl_20260526T025527Z_round0006_api_filelist_candidates_remote_diff.jsonl,131
archive/crawl_rounds/m_verified/batchcrawl/20260526T025527Z/batchcrawl_20260526T025527Z_round0006_api_filelist_candidates_repo_status.jsonl,129
archive/crawl_rounds/m_verified/batchcrawl/20260526T025527Z/batchcrawl_20260526T025527Z_round0007_api_filelist_candidates.csv,130
archive/crawl_rounds/m_verified/batchcrawl/20260526T025527Z/batchcrawl_20260526T025527Z_round0007_api_filelist_candidates.jsonl,130
archive/crawl_rounds/m_verified/batchcrawl/20260526T025527Z/batchcrawl_20260526T025527Z_round0007_api_filelist_candidates_remote_diff.csv,688496
archive/crawl_rounds/m_verified/batchcrawl/20260526T025527Z/batchcrawl_20260526T025527Z_round0007_api_filelist_candidates_remote_diff.jsonl,131
archive/crawl_rounds/m_verified/batchcrawl/20260526T025527Z/batchcrawl_20260526T025527Z_round0007_api_filelist_candidates_repo_status.jsonl,129
archive/crawl_rounds/m_verified/batchcrawl/20260526T025527Z/batchcrawl_20260526T025527Z_round0008_api_filelist_candidates.csv,130
archive/crawl_rounds/m_verified/batchcrawl/20260526T025527Z/batchcrawl_20260526T025527Z_round0008_api_filelist_candidates.jsonl,130
archive/crawl_rounds/m_verified/batchcrawl/20260526T025527Z/batchcrawl_20260526T025527Z_round0008_api_filelist_candidates_remote_diff.csv,1543215
archive/crawl_rounds/m_verified/batchcrawl/20260526T025527Z/batchcrawl_20260526T025527Z_round0008_api_filelist_candidates_remote_diff.jsonl,132
archive/crawl_rounds/m_verified/batchcrawl/20260526T025527Z/batchcrawl_20260526T025527Z_round0008_api_filelist_candidates_repo_status.jsonl,129
archive/crawl_rounds/m_verified/batchcrawl/20260526T030407Z/batchcrawl_20260526T030407Z_repo_discovery.csv,130
archive/crawl_rounds/m_verified/batchcrawl/20260526T030407Z/batchcrawl_20260526T030407Z_round0009_api_filelist_candidates.csv,130
archive/crawl_rounds/m_verified/batchcrawl/20260526T030407Z/batchcrawl_20260526T030407Z_round0009_api_filelist_candidates.jsonl,130
archive/crawl_rounds/m_verified/batchcrawl/20260526T030407Z/batchcrawl_20260526T030407Z_round0009_api_filelist_candidates_remote_diff.csv,556583
archive/crawl_rounds/m_verified/batchcrawl/20260526T030407Z/batchcrawl_20260526T030407Z_round0009_api_filelist_candidates_remote_diff.jsonl,131
archive/crawl_rounds/m_verified/batchcrawl/20260526T030407Z/batchcrawl_20260526T030407Z_round0009_api_filelist_candidates_repo_status.jsonl,129
archive/crawl_rounds/m_verified/batchcrawl/20260526T030407Z/batchcrawl_20260526T030407Z_round0010_api_filelist_candidates.csv,130
archive/crawl_rounds/m_verified/batchcrawl/20260526T030407Z/batchcrawl_20260526T030407Z_round0010_api_filelist_candidates.jsonl,130
archive/crawl_rounds/m_verified/batchcrawl/20260526T030407Z/batchcrawl_20260526T030407Z_round0010_api_filelist_candidates_remote_diff.csv,486395
archive/crawl_rounds/m_verified/batchcrawl/20260526T030407Z/batchcrawl_20260526T030407Z_round0010_api_filelist_candidates_remote_diff.jsonl,131
archive/crawl_rounds/m_verified/batchcrawl/20260526T030407Z/batchcrawl_20260526T030407Z_round0010_api_filelist_candidates_repo_status.jsonl,129
archive/crawl_rounds/m_verified/batchcrawl/20260526T030407Z/batchcrawl_20260526T030407Z_round0011_api_filelist_candidates.csv,131
archive/crawl_rounds/m_verified/batchcrawl/20260526T030407Z/batchcrawl_20260526T030407Z_round0011_api_filelist_candidates.jsonl,131
archive/crawl_rounds/m_verified/batchcrawl/20260526T030407Z/batchcrawl_20260526T030407Z_round0011_api_filelist_candidates_remote_diff.csv,9739808
archive/crawl_rounds/m_verified/batchcrawl/20260526T030407Z/batchcrawl_20260526T030407Z_round0011_api_filelist_candidates_remote_diff.jsonl,133
archive/crawl_rounds/m_verified/batchcrawl/20260526T030407Z/batchcrawl_20260526T030407Z_round0011_api_filelist_candidates_repo_status.jsonl,129
archive/crawl_rounds/m_verified/batchcrawl/20260526T030407Z/batchcrawl_20260526T030407Z_round0012_api_filelist_candidates.csv,130
archive/crawl_rounds/m_verified/batchcrawl/20260526T030407Z/batchcrawl_20260526T030407Z_round0012_api_filelist_candidates.jsonl,130
archive/crawl_rounds/m_verified/batchcrawl/20260526T030407Z/batchcrawl_20260526T030407Z_round0012_api_filelist_candidates_remote_diff.csv,603841
archive/crawl_rounds/m_verified/batchcrawl/20260526T030407Z/batchcrawl_20260526T030407Z_round0012_api_filelist_candidates_remote_diff.jsonl,131
archive/crawl_rounds/m_verified/batchcrawl/20260526T030407Z/batchcrawl_20260526T030407Z_round0012_api_filelist_candidates_repo_status.jsonl,129
archive/crawl_rounds/m_verified/batchcrawl/20260526T031105Z/batchcrawl_20260526T031105Z_repo_discovery.csv,130
archive/crawl_rounds/m_verified/batchcrawl/20260526T031105Z/batchcrawl_20260526T031105Z_round0013_api_filelist_candidates.csv,130
archive/crawl_rounds/m_verified/batchcrawl/20260526T031105Z/batchcrawl_20260526T031105Z_round0013_api_filelist_candidates.jsonl,130
archive/crawl_rounds/m_verified/batchcrawl/20260526T031105Z/batchcrawl_20260526T031105Z_round0013_api_filelist_candidates_remote_diff.csv,447990
archive/crawl_rounds/m_verified/batchcrawl/20260526T031105Z/batchcrawl_20260526T031105Z_round0013_api_filelist_candidates_remote_diff.jsonl,131
archive/crawl_rounds/m_verified/batchcrawl/20260526T031105Z/batchcrawl_20260526T031105Z_round0013_api_filelist_candidates_repo_status.jsonl,129
archive/crawl_rounds/m_verified/batchcrawl/20260526T031105Z/batchcrawl_20260526T031105Z_round0014_api_filelist_candidates.csv,130
archive/crawl_rounds/m_verified/batchcrawl/20260526T031105Z/batchcrawl_20260526T031105Z_round0014_api_filelist_candidates.jsonl,131
archive/crawl_rounds/m_verified/batchcrawl/20260526T031105Z/batchcrawl_20260526T031105Z_round0014_api_filelist_candidates_remote_diff.csv,1168615
archive/crawl_rounds/m_verified/batchcrawl/20260526T031105Z/batchcrawl_20260526T031105Z_round0014_api_filelist_candidates_remote_diff.jsonl,132
archive/crawl_rounds/m_verified/batchcrawl/20260526T031105Z/batchcrawl_20260526T031105Z_round0014_api_filelist_candidates_repo_status.jsonl,129
archive/crawl_rounds/m_verified/batchcrawl/20260526T031105Z/batchcrawl_20260526T031105Z_round0015_api_filelist_candidates.csv,130
archive/crawl_rounds/m_verified/batchcrawl/20260526T031105Z/batchcrawl_20260526T031105Z_round0015_api_filelist_candidates.jsonl,130
archive/crawl_rounds/m_verified/batchcrawl/20260526T031105Z/batchcrawl_20260526T031105Z_round0015_api_filelist_candidates_remote_diff.csv,1313358
archive/crawl_rounds/m_verified/batchcrawl/20260526T031105Z/batchcrawl_20260526T031105Z_round0015_api_filelist_candidates_remote_diff.jsonl,132
archive/crawl_rounds/m_verified/batchcrawl/20260526T031105Z/batchcrawl_20260526T031105Z_round0015_api_filelist_candidates_repo_status.jsonl,129
archive/crawl_rounds/m_verified/batchcrawl/20260526T031105Z/batchcrawl_20260526T031105Z_round0016_api_filelist_candidates.csv,130
archive/crawl_rounds/m_verified/batchcrawl/20260526T031105Z/batchcrawl_20260526T031105Z_round0016_api_filelist_candidates.jsonl,130
archive/crawl_rounds/m_verified/batchcrawl/20260526T031105Z/batchcrawl_20260526T031105Z_round0016_api_filelist_candidates_remote_diff.csv,583494
archive/crawl_rounds/m_verified/batchcrawl/20260526T031105Z/batchcrawl_20260526T031105Z_round0016_api_filelist_candidates_remote_diff.jsonl,131
archive/crawl_rounds/m_verified/batchcrawl/20260526T031105Z/batchcrawl_20260526T031105Z_round0016_api_filelist_candidates_repo_status.jsonl,129
archive/crawl_rounds/m_verified/batchcrawl/20260526T031715Z/batchcrawl_20260526T031715Z_repo_discovery.csv,130
archive/crawl_rounds/m_verified/batchcrawl/20260526T031715Z/batchcrawl_20260526T031715Z_round0017_api_filelist_candidates.csv,130
archive/crawl_rounds/m_verified/batchcrawl/20260526T031715Z/batchcrawl_20260526T031715Z_round0017_api_filelist_candidates.jsonl,130
archive/crawl_rounds/m_verified/batchcrawl/20260526T031715Z/batchcrawl_20260526T031715Z_round0017_api_filelist_candidates_remote_diff.csv,633934
archive/crawl_rounds/m_verified/batchcrawl/20260526T031715Z/batchcrawl_20260526T031715Z_round0017_api_filelist_candidates_remote_diff.jsonl,131
archive/crawl_rounds/m_verified/batchcrawl/20260526T031715Z/batchcrawl_20260526T031715Z_round0017_api_filelist_candidates_repo_status.jsonl,129
archive/crawl_rounds/m_verified/batchcrawl/20260526T031715Z/batchcrawl_20260526T031715Z_round0018_api_filelist_candidates.csv,130
archive/crawl_rounds/m_verified/batchcrawl/20260526T031715Z/batchcrawl_20260526T031715Z_round0018_api_filelist_candidates.jsonl,131
archive/crawl_rounds/m_verified/batchcrawl/20260526T031715Z/batchcrawl_20260526T031715Z_round0018_api_filelist_candidates_remote_diff.csv,1826612
archive/crawl_rounds/m_verified/batchcrawl/20260526T031715Z/batchcrawl_20260526T031715Z_round0018_api_filelist_candidates_remote_diff.jsonl,132
archive/crawl_rounds/m_verified/batchcrawl/20260526T031715Z/batchcrawl_20260526T031715Z_round0018_api_filelist_candidates_repo_status.jsonl,129
archive/crawl_rounds/m_verified/batchcrawl/20260526T031715Z/batchcrawl_20260526T031715Z_round0019_api_filelist_candidates.csv,130
archive/crawl_rounds/m_verified/batchcrawl/20260526T031715Z/batchcrawl_20260526T031715Z_round0019_api_filelist_candidates.jsonl,130
archive/crawl_rounds/m_verified/batchcrawl/20260526T031715Z/batchcrawl_20260526T031715Z_round0019_api_filelist_candidates_remote_diff.csv,1056920
archive/crawl_rounds/m_verified/batchcrawl/20260526T031715Z/batchcrawl_20260526T031715Z_round0019_api_filelist_candidates_remote_diff.jsonl,132
archive/crawl_rounds/m_verified/batchcrawl/20260526T031715Z/batchcrawl_20260526T031715Z_round0019_api_filelist_candidates_repo_status.jsonl,129
archive/crawl_rounds/m_verified/batchcrawl/20260526T040333Z/batchcrawl_20260526T040333Z_repo_discovery.csv,127
archive/crawl_rounds/m_verified/batchcrawl/20260526T071501Z/batchcrawl_20260526T071501Z_repo_discovery.csv,27234
archive/crawl_rounds/m_verified/batchcrawl/20260526T071501Z/batchcrawl_20260526T071501Z_round0020_api_filelist_candidates.csv,102875
archive/crawl_rounds/m_verified/batchcrawl/20260526T071501Z/batchcrawl_20260526T071501Z_round0020_api_filelist_candidates.jsonl,116702
archive/crawl_rounds/m_verified/batchcrawl/20260526T071501Z/batchcrawl_20260526T071501Z_round0020_api_filelist_candidates_remote_diff.csv,1327805
archive/crawl_rounds/m_verified/batchcrawl/20260526T071501Z/batchcrawl_20260526T071501Z_round0020_api_filelist_candidates_remote_diff.jsonl,1380912
archive/crawl_rounds/m_verified/batchcrawl/20260526T071501Z/batchcrawl_20260526T071501Z_round0020_api_filelist_candidates_repo_status.jsonl,7991
archive/crawl_rounds/m_verified/batchcrawl/20260526T071501Z/batchcrawl_20260526T071501Z_round0021_api_filelist_candidates.csv,72608
archive/crawl_rounds/m_verified/batchcrawl/20260526T071501Z/batchcrawl_20260526T071501Z_round0021_api_filelist_candidates.jsonl,87657
archive/crawl_rounds/m_verified/batchcrawl/20260526T071501Z/batchcrawl_20260526T071501Z_round0021_api_filelist_candidates_remote_diff.csv,7583301
archive/crawl_rounds/m_verified/batchcrawl/20260526T071501Z/batchcrawl_20260526T071501Z_round0021_api_filelist_candidates_remote_diff.jsonl,7616152
archive/crawl_rounds/m_verified/batchcrawl/20260526T071501Z/batchcrawl_20260526T071501Z_round0021_api_filelist_candidates_repo_status.jsonl,7982
archive/crawl_rounds/m_verified/batchcrawl/20260526T071501Z/batchcrawl_20260526T071501Z_round0022_api_filelist_candidates.csv,107779
archive/crawl_rounds/m_verified/batchcrawl/20260526T071501Z/batchcrawl_20260526T071501Z_round0022_api_filelist_candidates.jsonl,121945
archive/crawl_rounds/m_verified/batchcrawl/20260526T071501Z/batchcrawl_20260526T071501Z_round0022_api_filelist_candidates_remote_diff.csv,928091
archive/crawl_rounds/m_verified/batchcrawl/20260526T071501Z/batchcrawl_20260526T071501Z_round0022_api_filelist_candidates_remote_diff.jsonl,963028
archive/crawl_rounds/m_verified/batchcrawl/20260526T071501Z/batchcrawl_20260526T071501Z_round0022_api_filelist_candidates_repo_status.jsonl,8044
archive/crawl_rounds/m_verified/batchcrawl/20260526T071501Z/batchcrawl_20260526T071501Z_round0023_api_filelist_candidates.csv,117394
archive/crawl_rounds/m_verified/batchcrawl/20260526T071501Z/batchcrawl_20260526T071501Z_round0023_api_filelist_candidates.jsonl,131795
archive/crawl_rounds/m_verified/batchcrawl/20260526T071501Z/batchcrawl_20260526T071501Z_round0023_api_filelist_candidates_remote_diff.csv,1605027
archive/crawl_rounds/m_verified/batchcrawl/20260526T071501Z/batchcrawl_20260526T071501Z_round0023_api_filelist_candidates_remote_diff.jsonl,1680947
archive/crawl_rounds/m_verified/batchcrawl/20260526T071501Z/batchcrawl_20260526T071501Z_round0023_api_filelist_candidates_repo_status.jsonl,7989
archive/crawl_rounds/m_verified/batchcrawl/20260526T124753Z/batchcrawl_20260526T124753Z_repo_discovery.csv,28271
archive/crawl_rounds/m_verified/batchcrawl/20260526T124753Z/batchcrawl_20260526T124753Z_round0024_api_filelist_candidates.csv,53695
archive/crawl_rounds/m_verified/batchcrawl/20260526T124753Z/batchcrawl_20260526T124753Z_round0024_api_filelist_candidates.jsonl,62210
archive/crawl_rounds/m_verified/batchcrawl/20260526T124753Z/batchcrawl_20260526T124753Z_round0024_api_filelist_candidates_remote_diff.csv,3714812
archive/crawl_rounds/m_verified/batchcrawl/20260526T124753Z/batchcrawl_20260526T124753Z_round0024_api_filelist_candidates_remote_diff.jsonl,3739786
archive/crawl_rounds/m_verified/batchcrawl/20260526T124753Z/batchcrawl_20260526T124753Z_round0024_api_filelist_candidates_repo_status.jsonl,8011
archive/crawl_rounds/m_verified/batchcrawl/20260526T124753Z/batchcrawl_20260526T124753Z_round0025_api_filelist_candidates.csv,99411
archive/crawl_rounds/m_verified/batchcrawl/20260526T124753Z/batchcrawl_20260526T124753Z_round0025_api_filelist_candidates.jsonl,115646
archive/crawl_rounds/m_verified/batchcrawl/20260526T124753Z/batchcrawl_20260526T124753Z_round0025_api_filelist_candidates_remote_diff.csv,1427830
archive/crawl_rounds/m_verified/batchcrawl/20260526T124753Z/batchcrawl_20260526T124753Z_round0025_api_filelist_candidates_remote_diff.jsonl,1482381
archive/crawl_rounds/m_verified/batchcrawl/20260526T124753Z/batchcrawl_20260526T124753Z_round0025_api_filelist_candidates_repo_status.jsonl,8012
archive/crawl_rounds/m_verified/batchcrawl/20260526T124753Z/batchcrawl_20260526T124753Z_round0026_api_filelist_candidates.csv,81187
archive/crawl_rounds/m_verified/batchcrawl/20260526T124753Z/batchcrawl_20260526T124753Z_round0026_api_filelist_candidates.jsonl,93357
archive/crawl_rounds/m_verified/batchcrawl/20260526T124753Z/batchcrawl_20260526T124753Z_round0026_api_filelist_candidates_remote_diff.csv,889313
archive/crawl_rounds/m_verified/batchcrawl/20260526T124753Z/batchcrawl_20260526T124753Z_round0026_api_filelist_candidates_remote_diff.jsonl,922251
archive/crawl_rounds/m_verified/batchcrawl/20260526T124753Z/batchcrawl_20260526T124753Z_round0026_api_filelist_candidates_repo_status.jsonl,8091
archive/crawl_rounds/m_verified/batchcrawl/20260526T124753Z/batchcrawl_20260526T124753Z_round0027_api_filelist_candidates.csv,75800
archive/crawl_rounds/m_verified/batchcrawl/20260526T124753Z/batchcrawl_20260526T124753Z_round0027_api_filelist_candidates.jsonl,84809
archive/crawl_rounds/m_verified/batchcrawl/20260526T124753Z/batchcrawl_20260526T124753Z_round0027_api_filelist_candidates_remote_diff.csv,666390
archive/crawl_rounds/m_verified/batchcrawl/20260526T124753Z/batchcrawl_20260526T124753Z_round0027_api_filelist_candidates_remote_diff.jsonl,689126
archive/crawl_rounds/m_verified/batchcrawl/20260526T124753Z/batchcrawl_20260526T124753Z_round0027_api_filelist_candidates_repo_status.jsonl,8109
archive/crawl_rounds/m_verified/batchcrawl/20260526T125513Z/batchcrawl_20260526T125513Z_repo_discovery.csv,26918
archive/crawl_rounds/m_verified/batchcrawl/20260526T125513Z/batchcrawl_20260526T125513Z_round0028_api_filelist_candidates.csv,74310
archive/crawl_rounds/m_verified/batchcrawl/20260526T125513Z/batchcrawl_20260526T125513Z_round0028_api_filelist_candidates.jsonl,85483
archive/crawl_rounds/m_verified/batchcrawl/20260526T125513Z/batchcrawl_20260526T125513Z_round0028_api_filelist_candidates_remote_diff.csv,1514053
archive/crawl_rounds/m_verified/batchcrawl/20260526T125513Z/batchcrawl_20260526T125513Z_round0028_api_filelist_candidates_remote_diff.jsonl,1562218
archive/crawl_rounds/m_verified/batchcrawl/20260526T125513Z/batchcrawl_20260526T125513Z_round0028_api_filelist_candidates_repo_status.jsonl,8068
archive/crawl_rounds/m_verified/batchcrawl/20260526T125513Z/batchcrawl_20260526T125513Z_round0029_api_filelist_candidates.csv,46065
archive/crawl_rounds/m_verified/batchcrawl/20260526T125513Z/batchcrawl_20260526T125513Z_round0029_api_filelist_candidates.jsonl,53987
archive/crawl_rounds/m_verified/batchcrawl/20260526T125513Z/batchcrawl_20260526T125513Z_round0029_api_filelist_candidates_remote_diff.csv,530796
archive/crawl_rounds/m_verified/batchcrawl/20260526T125513Z/batchcrawl_20260526T125513Z_round0029_api_filelist_candidates_remote_diff.jsonl,550287
archive/crawl_rounds/m_verified/batchcrawl/20260526T125513Z/batchcrawl_20260526T125513Z_round0029_api_filelist_candidates_repo_status.jsonl,8002
archive/crawl_rounds/m_verified/batchcrawl/20260526T125513Z/batchcrawl_20260526T125513Z_round0030_api_filelist_candidates.csv,46836
archive/crawl_rounds/m_verified/batchcrawl/20260526T125513Z/batchcrawl_20260526T125513Z_round0030_api_filelist_candidates.jsonl,55217
archive/crawl_rounds/m_verified/batchcrawl/20260526T125513Z/batchcrawl_20260526T125513Z_round0030_api_filelist_candidates_remote_diff.csv,483461
archive/crawl_rounds/m_verified/batchcrawl/20260526T125513Z/batchcrawl_20260526T125513Z_round0030_api_filelist_candidates_remote_diff.jsonl,504957
archive/crawl_rounds/m_verified/batchcrawl/20260526T125513Z/batchcrawl_20260526T125513Z_round0030_api_filelist_candidates_repo_status.jsonl,8073
archive/crawl_rounds/m_verified/batchcrawl/20260526T125513Z/batchcrawl_20260526T125513Z_round0031_api_filelist_candidates.csv,140572
archive/crawl_rounds/m_verified/batchcrawl/20260526T125513Z/batchcrawl_20260526T125513Z_round0031_api_filelist_candidates.jsonl,155188
archive/crawl_rounds/m_verified/batchcrawl/20260526T125513Z/batchcrawl_20260526T125513Z_round0031_api_filelist_candidates_remote_diff.csv,9734762
archive/crawl_rounds/m_verified/batchcrawl/20260526T125513Z/batchcrawl_20260526T125513Z_round0031_api_filelist_candidates_remote_diff.jsonl,10112989
archive/crawl_rounds/m_verified/batchcrawl/20260526T125513Z/batchcrawl_20260526T125513Z_round0031_api_filelist_candidates_repo_status.jsonl,7995
archive/crawl_rounds/m_verified/batchcrawl/20260526T130226Z/batchcrawl_20260526T130226Z_repo_discovery.csv,27865
archive/crawl_rounds/m_verified/batchcrawl/20260526T130226Z/batchcrawl_20260526T130226Z_round0032_api_filelist_candidates.csv,68547
archive/crawl_rounds/m_verified/batchcrawl/20260526T130226Z/batchcrawl_20260526T130226Z_round0032_api_filelist_candidates.jsonl,81913
archive/crawl_rounds/m_verified/batchcrawl/20260526T130226Z/batchcrawl_20260526T130226Z_round0032_api_filelist_candidates_remote_diff.csv,582755
archive/crawl_rounds/m_verified/batchcrawl/20260526T130226Z/batchcrawl_20260526T130226Z_round0032_api_filelist_candidates_remote_diff.jsonl,617357
archive/crawl_rounds/m_verified/batchcrawl/20260526T130226Z/batchcrawl_20260526T130226Z_round0032_api_filelist_candidates_repo_status.jsonl,8029
archive/crawl_rounds/m_verified/batchcrawl/20260526T130226Z/batchcrawl_20260526T130226Z_round0033_api_filelist_candidates.csv,55897
archive/crawl_rounds/m_verified/batchcrawl/20260526T130226Z/batchcrawl_20260526T130226Z_round0033_api_filelist_candidates.jsonl,66440
archive/crawl_rounds/m_verified/batchcrawl/20260526T130226Z/batchcrawl_20260526T130226Z_round0033_api_filelist_candidates_remote_diff.csv,450542
archive/crawl_rounds/m_verified/batchcrawl/20260526T130226Z/batchcrawl_20260526T130226Z_round0033_api_filelist_candidates_remote_diff.jsonl,476884
archive/crawl_rounds/m_verified/batchcrawl/20260526T130226Z/batchcrawl_20260526T130226Z_round0033_api_filelist_candidates_repo_status.jsonl,8007
archive/crawl_rounds/m_verified/batchcrawl/20260526T130226Z/batchcrawl_20260526T130226Z_round0034_api_filelist_candidates.csv,94918
archive/crawl_rounds/m_verified/batchcrawl/20260526T130226Z/batchcrawl_20260526T130226Z_round0034_api_filelist_candidates.jsonl,112294
archive/crawl_rounds/m_verified/batchcrawl/20260526T130226Z/batchcrawl_20260526T130226Z_round0034_api_filelist_candidates_remote_diff.csv,1181785
archive/crawl_rounds/m_verified/batchcrawl/20260526T130226Z/batchcrawl_20260526T130226Z_round0034_api_filelist_candidates_remote_diff.jsonl,1232348
archive/crawl_rounds/m_verified/batchcrawl/20260526T130226Z/batchcrawl_20260526T130226Z_round0034_api_filelist_candidates_repo_status.jsonl,7982
archive/crawl_rounds/m_verified/batchcrawl/20260526T130226Z/batchcrawl_20260526T130226Z_round0035_api_filelist_candidates.csv,75011
archive/crawl_rounds/m_verified/batchcrawl/20260526T130226Z/batchcrawl_20260526T130226Z_round0035_api_filelist_candidates.jsonl,89804
archive/crawl_rounds/m_verified/batchcrawl/20260526T130226Z/batchcrawl_20260526T130226Z_round0035_api_filelist_candidates_remote_diff.csv,1313861
archive/crawl_rounds/m_verified/batchcrawl/20260526T130226Z/batchcrawl_20260526T130226Z_round0035_api_filelist_candidates_remote_diff.jsonl,1374779
archive/crawl_rounds/m_verified/batchcrawl/20260526T130226Z/batchcrawl_20260526T130226Z_round0035_api_filelist_candidates_repo_status.jsonl,8016
archive/crawl_rounds/m_verified/batchcrawl/20260526T131044Z/batchcrawl_20260526T131044Z_repo_discovery.csv,21091
archive/crawl_rounds/m_verified/batchcrawl/20260526T131044Z/batchcrawl_20260526T131044Z_round0036_api_filelist_candidates.csv,51724
archive/crawl_rounds/m_verified/batchcrawl/20260526T131044Z/batchcrawl_20260526T131044Z_round0036_api_filelist_candidates.jsonl,62250
archive/crawl_rounds/m_verified/batchcrawl/20260526T131044Z/batchcrawl_20260526T131044Z_round0036_api_filelist_candidates_remote_diff.csv,583498
archive/crawl_rounds/m_verified/batchcrawl/20260526T131044Z/batchcrawl_20260526T131044Z_round0036_api_filelist_candidates_remote_diff.jsonl,610246
archive/crawl_rounds/m_verified/batchcrawl/20260526T131044Z/batchcrawl_20260526T131044Z_round0036_api_filelist_candidates_repo_status.jsonl,8027
archive/crawl_rounds/m_verified/batchcrawl/20260526T131044Z/batchcrawl_20260526T131044Z_round0037_api_filelist_candidates.csv,59542
archive/crawl_rounds/m_verified/batchcrawl/20260526T131044Z/batchcrawl_20260526T131044Z_round0037_api_filelist_candidates.jsonl,71025
archive/crawl_rounds/m_verified/batchcrawl/20260526T131044Z/batchcrawl_20260526T131044Z_round0037_api_filelist_candidates_remote_diff.csv,633934
archive/crawl_rounds/m_verified/batchcrawl/20260526T131044Z/batchcrawl_20260526T131044Z_round0037_api_filelist_candidates_remote_diff.jsonl,663456
archive/crawl_rounds/m_verified/batchcrawl/20260526T131044Z/batchcrawl_20260526T131044Z_round0037_api_filelist_candidates_repo_status.jsonl,8062
archive/crawl_rounds/m_verified/batchcrawl/20260526T131044Z/batchcrawl_20260526T131044Z_round0038_api_filelist_candidates.csv,96422
archive/crawl_rounds/m_verified/batchcrawl/20260526T131044Z/batchcrawl_20260526T131044Z_round0038_api_filelist_candidates.jsonl,110255
archive/crawl_rounds/m_verified/batchcrawl/20260526T131044Z/batchcrawl_20260526T131044Z_round0038_api_filelist_candidates_remote_diff.csv,1824657
archive/crawl_rounds/m_verified/batchcrawl/20260526T131044Z/batchcrawl_20260526T131044Z_round0038_api_filelist_candidates_remote_diff.jsonl,1886054
archive/crawl_rounds/m_verified/batchcrawl/20260526T131044Z/batchcrawl_20260526T131044Z_round0038_api_filelist_candidates_repo_status.jsonl,8036
archive/crawl_rounds/m_verified/batchcrawl/20260526T131044Z/batchcrawl_20260526T131044Z_round0039_api_filelist_candidates.csv,61453
archive/crawl_rounds/m_verified/batchcrawl/20260526T131044Z/batchcrawl_20260526T131044Z_round0039_api_filelist_candidates.jsonl,70923
archive/crawl_rounds/m_verified/batchcrawl/20260526T131044Z/batchcrawl_20260526T131044Z_round0039_api_filelist_candidates_remote_diff.csv,1265798
archive/crawl_rounds/m_verified/batchcrawl/20260526T131044Z/batchcrawl_20260526T131044Z_round0039_api_filelist_candidates_remote_diff.jsonl,1317086
archive/crawl_rounds/m_verified/batchcrawl/20260526T131044Z/batchcrawl_20260526T131044Z_round0039_api_filelist_candidates_repo_status.jsonl,4992
archive/crawl_rounds/m_verified/batchcrawl/20260526T131803Z/batchcrawl_20260526T131803Z_repo_discovery.csv,67
archive/crawl_rounds/m_verified/batchcrawl/20260526T132427Z/batchcrawl_20260526T132427Z_repo_discovery.csv,401
archive/crawl_rounds/m_verified/batchcrawl/20260526T132427Z/batchcrawl_20260526T132427Z_round0040_api_filelist_candidates.csv,2458
archive/crawl_rounds/m_verified/batchcrawl/20260526T132427Z/batchcrawl_20260526T132427Z_round0040_api_filelist_candidates.jsonl,2619
archive/crawl_rounds/m_verified/batchcrawl/20260526T132427Z/batchcrawl_20260526T132427Z_round0040_api_filelist_candidates_remote_diff.csv,13341
archive/crawl_rounds/m_verified/batchcrawl/20260526T132427Z/batchcrawl_20260526T132427Z_round0040_api_filelist_candidates_remote_diff.jsonl,13841
archive/crawl_rounds/m_verified/batchcrawl/20260526T132427Z/batchcrawl_20260526T132427Z_round0040_api_filelist_candidates_repo_status.jsonl,275
archive/crawl_rounds/m_verified/batchcrawl/20260526T132558Z/batchcrawl_20260526T132558Z_repo_discovery.csv,67
archive/crawl_rounds/m_verified/batchcrawl/20260526T133228Z/batchcrawl_20260526T133228Z_repo_discovery.csv,67
archive/crawl_rounds/m_verified/newcrawl/20260525/20260525_newcrawl_api_filelist_candidates.csv,129
archive/crawl_rounds/m_verified/newcrawl/20260525/20260525_newcrawl_api_filelist_candidates.jsonl,129
archive/crawl_rounds/m_verified/newcrawl/20260525/20260525_newcrawl_api_filelist_candidates_repo_status.jsonl,129
archive/crawl_rounds/m_verified/newcrawl/20260525/20260525_newcrawl_api_filelist_candidates_token.csv,49865
archive/crawl_rounds/m_verified/newcrawl/20260525/20260525_newcrawl_api_filelist_candidates_token.jsonl,130
archive/crawl_rounds/m_verified/newcrawl/20260525/20260525_newcrawl_api_filelist_candidates_token_remote_diff.csv,403954
archive/crawl_rounds/m_verified/newcrawl/20260525/20260525_newcrawl_api_filelist_candidates_token_remote_diff.jsonl,131
archive/crawl_rounds/m_verified/newcrawl/20260525/20260525_newcrawl_api_filelist_candidates_token_repo_status.jsonl,129
archive/crawl_rounds/m_verified/newcrawl/20260525/20260525_newcrawl_api_filelist_candidates_token_round2.csv,130
archive/crawl_rounds/m_verified/newcrawl/20260525/20260525_newcrawl_api_filelist_candidates_token_round2.jsonl,130
archive/crawl_rounds/m_verified/newcrawl/20260525/20260525_newcrawl_api_filelist_candidates_token_round2_remote_diff.csv,387549
archive/crawl_rounds/m_verified/newcrawl/20260525/20260525_newcrawl_api_filelist_candidates_token_round2_remote_diff.jsonl,131
archive/crawl_rounds/m_verified/newcrawl/20260525/20260525_newcrawl_api_filelist_candidates_token_round2_repo_status.jsonl,129
archive/crawl_rounds/m_verified/newcrawl/20260525/20260525_newcrawl_api_filelist_candidates_token_round3.csv,131
archive/crawl_rounds/m_verified/newcrawl/20260525/20260525_newcrawl_api_filelist_candidates_token_round3.jsonl,131
archive/crawl_rounds/m_verified/newcrawl/20260525/20260525_newcrawl_api_filelist_candidates_token_round3_remote_diff.csv,2065284
archive/crawl_rounds/m_verified/newcrawl/20260525/20260525_newcrawl_api_filelist_candidates_token_round3_remote_diff.jsonl,132
archive/crawl_rounds/m_verified/newcrawl/20260525/20260525_newcrawl_api_filelist_candidates_token_round3_repo_status.jsonl,130
archive/crawl_rounds/m_verified/newcrawl/20260525/20260525_newcrawl_high_star_repo_discovery.csv,129
archive/crawl_rounds/m_verified/newcrawl/20260525/20260525_newcrawl_high_star_repo_discovery_120.csv,130
archive/crawl_rounds/m_verified/newcrawl/20260526/20260526_newcrawl_api_filelist_candidates_token_round4.csv,130
archive/crawl_rounds/m_verified/newcrawl/20260526/20260526_newcrawl_api_filelist_candidates_token_round4.jsonl,131
archive/crawl_rounds/m_verified/newcrawl/20260526/20260526_newcrawl_api_filelist_candidates_token_round4_remote_diff.csv,523120
archive/crawl_rounds/m_verified/newcrawl/20260526/20260526_newcrawl_api_filelist_candidates_token_round4_remote_diff.jsonl,131
archive/crawl_rounds/m_verified/newcrawl/20260526/20260526_newcrawl_api_filelist_candidates_token_round4_repo_status.jsonl,129
archive/crawl_rounds/m_verified/newcrawl/20260526/20260526_newcrawl_api_filelist_candidates_token_round5.csv,130
archive/crawl_rounds/m_verified/newcrawl/20260526/20260526_newcrawl_api_filelist_candidates_token_round5.jsonl,131
archive/crawl_rounds/m_verified/newcrawl/20260526/20260526_newcrawl_api_filelist_candidates_token_round5_remote_diff.csv,1092480
archive/crawl_rounds/m_verified/newcrawl/20260526/20260526_newcrawl_api_filelist_candidates_token_round5_remote_diff.jsonl,132
archive/crawl_rounds/m_verified/newcrawl/20260526/20260526_newcrawl_api_filelist_candidates_token_round5_repo_status.jsonl,129
archive/crawl_rounds/m_verified/newcrawl/20260526/20260526_newcrawl_api_filelist_candidates_token_round6.csv,131
archive/crawl_rounds/m_verified/newcrawl/20260526/20260526_newcrawl_api_filelist_candidates_token_round6.jsonl,131
archive/crawl_rounds/m_verified/newcrawl/20260526/20260526_newcrawl_api_filelist_candidates_token_round6_remote_diff.csv,2355631
archive/crawl_rounds/m_verified/newcrawl/20260526/20260526_newcrawl_api_filelist_candidates_token_round6_remote_diff.jsonl,132
archive/crawl_rounds/m_verified/newcrawl/20260526/20260526_newcrawl_api_filelist_candidates_token_round6_repo_status.jsonl,129
archive/crawl_rounds/m_verified/newcrawl/20260526/20260526_newcrawl_api_filelist_candidates_token_round7.csv,131
archive/crawl_rounds/m_verified/newcrawl/20260526/20260526_newcrawl_api_filelist_candidates_token_round7.jsonl,131
archive/crawl_rounds/m_verified/newcrawl/20260526/20260526_newcrawl_api_filelist_candidates_token_round7_remote_diff.csv,5014696
archive/crawl_rounds/m_verified/newcrawl/20260526/20260526_newcrawl_api_filelist_candidates_token_round7_remote_diff.jsonl,132
archive/crawl_rounds/m_verified/newcrawl/20260526/20260526_newcrawl_api_filelist_candidates_token_round7_repo_status.jsonl,129
archive/crawl_rounds/m_verified/newcrawl/20260526/20260526_newcrawl_api_filelist_candidates_token_v2_round1.csv,131
archive/crawl_rounds/m_verified/newcrawl/20260526/20260526_newcrawl_api_filelist_candidates_token_v2_round1.jsonl,131
archive/crawl_rounds/m_verified/newcrawl/20260526/20260526_newcrawl_api_filelist_candidates_token_v2_round1_remote_diff.csv,1299967
archive/crawl_rounds/m_verified/newcrawl/20260526/20260526_newcrawl_api_filelist_candidates_token_v2_round1_remote_diff.jsonl,132
archive/crawl_rounds/m_verified/newcrawl/20260526/20260526_newcrawl_api_filelist_candidates_token_v2_round1_repo_status.jsonl,129
archive/crawl_rounds/m_verified/newcrawl/20260526/20260526_newcrawl_high_star_repo_discovery.csv,130
archive/crawl_rounds/m_verified/newcrawl/20260526/20260526_newcrawl_high_star_repo_discovery_v2.csv,130
archive/datasets/hard_b/workspace/recovery_batches/hard_b_candidates_labeled.csv,22023878
archive/datasets/hard_b/workspace/recovery_batches/hard_b_full_diff_recovery_batch.csv,2560166
archive/datasets/hard_b/workspace/recovery_batches/hard_b_full_diff_recovery_batch.jsonl,2665888
archive/datasets/hard_b/workspace/recovery_batches/hard_b_full_diff_recovery_batch_round2.csv,133
archive/datasets/hard_b/workspace/recovery_batches/hard_b_full_diff_recovery_batch_round2.jsonl,133
archive/datasets/hard_b/workspace/recovery_batches/hard_b_full_diff_recovery_batch_round3.csv,133
archive/datasets/hard_b/workspace/recovery_batches/hard_b_full_diff_recovery_batch_round3.jsonl,133
archive/datasets/hard_b/workspace/recovery_batches/hard_b_full_diff_recovery_batch_round4.csv,133
archive/datasets/hard_b/workspace/recovery_batches/hard_b_full_diff_recovery_batch_round4.jsonl,133
archive/datasets/hard_b/workspace/recovery_batches/hard_b_full_diff_recovery_batch_round5.csv,133
archive/datasets/hard_b/workspace/recovery_batches/hard_b_full_diff_recovery_batch_round5.jsonl,133
archive/datasets/hard_b/workspace/recovery_batches/hard_b_need_full_diff.csv,525
archive/datasets/hard_b/workspace/recovery_batches/hard_b_need_full_diff_round2.csv,131
archive/datasets/hard_b/workspace/recovery_batches/hard_b_need_full_diff_round3.csv,131
archive/datasets/hard_b/workspace/recovery_batches/hard_b_need_full_diff_round4.csv,131
archive/datasets/m_verified/workspace/candidates/gitlog_current_m_candidates.csv,9549647
archive/datasets/m_verified/workspace/crawl_state/continuous_20260525T164427Z_r0001_api_filelist_candidates_repo_status.jsonl,129
archive/datasets/m_verified/workspace/crawl_state/continuous_20260525T164427Z_r0001_repo_discovery.csv,130
archive/datasets/m_verified/workspace/crawl_state/continuous_20260526T003226Z_r0002_api_filelist_candidates_repo_status.jsonl,129
archive/datasets/m_verified/workspace/crawl_state/continuous_20260526T003226Z_r0002_repo_discovery.csv,130
archive/datasets/m_verified/workspace/crawl_state_relaxed/batchcrawl_20260527T081601Z_repo_discovery.csv,51714
archive/datasets/m_verified/workspace/crawl_state_relaxed/batchcrawl_20260527T081601Z_round0001_api_filelist_candidates.csv,314437
archive/datasets/m_verified/workspace/crawl_state_relaxed/batchcrawl_20260527T081601Z_round0001_api_filelist_candidates.jsonl,358745
archive/datasets/m_verified/workspace/crawl_state_relaxed/batchcrawl_20260527T081601Z_round0001_api_filelist_candidates_remote_diff.csv,4262686
archive/datasets/m_verified/workspace/crawl_state_relaxed/batchcrawl_20260527T081601Z_round0001_api_filelist_candidates_remote_diff.jsonl,4413577
archive/datasets/m_verified/workspace/crawl_state_relaxed/batchcrawl_20260527T081601Z_round0001_api_filelist_candidates_repo_status.jsonl,10815
archive/datasets/m_verified/workspace/crawl_state_relaxed/batchcrawl_20260527T081601Z_round0002_api_filelist_candidates.csv,322306
archive/datasets/m_verified/workspace/crawl_state_relaxed/batchcrawl_20260527T081601Z_round0002_api_filelist_candidates.jsonl,363156
archive/datasets/m_verified/workspace/crawl_state_relaxed/batchcrawl_20260527T081601Z_round0002_api_filelist_candidates_remote_diff.csv,5726514
archive/datasets/m_verified/workspace/crawl_state_relaxed/batchcrawl_20260527T081601Z_round0002_api_filelist_candidates_remote_diff.jsonl,5844899
archive/datasets/m_verified/workspace/crawl_state_relaxed/batchcrawl_20260527T081601Z_round0002_api_filelist_candidates_repo_status.jsonl,10783
archive/datasets/m_verified/workspace/crawl_state_relaxed/batchcrawl_20260527T081601Z_round0003_api_filelist_candidates.csv,350430
archive/datasets/m_verified/workspace/crawl_state_relaxed/batchcrawl_20260527T081601Z_round0003_api_filelist_candidates.jsonl,397872
archive/datasets/m_verified/workspace/crawl_state_relaxed/batchcrawl_20260527T081601Z_round0003_api_filelist_candidates_remote_diff.csv,2597813
archive/datasets/m_verified/workspace/crawl_state_relaxed/batchcrawl_20260527T081601Z_round0003_api_filelist_candidates_remote_diff.jsonl,2713583
archive/datasets/m_verified/workspace/crawl_state_relaxed/batchcrawl_20260527T081601Z_round0003_api_filelist_candidates_repo_status.jsonl,10691
archive/datasets/m_verified/workspace/crawl_state_relaxed/batchcrawl_20260527T081601Z_round0004_api_filelist_candidates.csv,277470
archive/datasets/m_verified/workspace/crawl_state_relaxed/batchcrawl_20260527T081601Z_round0004_api_filelist_candidates.jsonl,320666
archive/datasets/m_verified/workspace/crawl_state_relaxed/batchcrawl_20260527T081601Z_round0004_api_filelist_candidates_remote_diff.csv,3558582
archive/datasets/m_verified/workspace/crawl_state_relaxed/batchcrawl_20260527T081601Z_round0004_api_filelist_candidates_remote_diff.jsonl,3722114
archive/datasets/m_verified/workspace/crawl_state_relaxed/batchcrawl_20260527T081601Z_round0004_api_filelist_candidates_repo_status.jsonl,10657
archive/datasets/m_verified/workspace/crawl_state_relaxed/batchcrawl_20260527T081601Z_round0005_api_filelist_candidates.csv,295773
archive/datasets/m_verified/workspace/crawl_state_relaxed/batchcrawl_20260527T081601Z_round0005_api_filelist_candidates.jsonl,341564
archive/datasets/m_verified/workspace/crawl_state_relaxed/batchcrawl_20260527T081601Z_round0005_api_filelist_candidates_remote_diff.csv,4118480
archive/datasets/m_verified/workspace/crawl_state_relaxed/batchcrawl_20260527T081601Z_round0005_api_filelist_candidates_remote_diff.jsonl,4258996
archive/datasets/m_verified/workspace/crawl_state_relaxed/batchcrawl_20260527T081601Z_round0005_api_filelist_candidates_repo_status.jsonl,10733
archive/datasets/m_verified/workspace/crawl_state_relaxed/batchcrawl_20260527T081601Z_round0006_api_filelist_candidates.csv,126698
archive/datasets/m_verified/workspace/crawl_state_relaxed/batchcrawl_20260527T081601Z_round0006_api_filelist_candidates.jsonl,144799
archive/datasets/m_verified/workspace/crawl_state_relaxed/batchcrawl_20260527T081601Z_round0006_api_filelist_candidates_remote_diff.csv,1173301
archive/datasets/m_verified/workspace/crawl_state_relaxed/batchcrawl_20260527T081601Z_round0006_api_filelist_candidates_remote_diff.jsonl,1218468
archive/datasets/m_verified/workspace/crawl_state_relaxed/batchcrawl_20260527T081601Z_round0006_api_filelist_candidates_repo_status.jsonl,5326
archive/datasets/m_verified/workspace/crawl_state_relaxed/batchcrawl_20260529T002643Z_repo_discovery.csv,54218
archive/datasets/m_verified/workspace/crawl_state_relaxed/batchcrawl_20260529T002643Z_round0007_api_filelist_candidates.csv,213483
archive/datasets/m_verified/workspace/crawl_state_relaxed/batchcrawl_20260529T002643Z_round0007_api_filelist_candidates.jsonl,253352
archive/datasets/m_verified/workspace/crawl_state_relaxed/batchcrawl_20260529T002643Z_round0007_api_filelist_candidates_remote_diff.csv,1999263
archive/datasets/m_verified/workspace/crawl_state_relaxed/batchcrawl_20260529T002643Z_round0007_api_filelist_candidates_remote_diff.jsonl,2092511
archive/datasets/m_verified/workspace/crawl_state_relaxed/batchcrawl_20260529T002643Z_round0007_api_filelist_candidates_repo_status.jsonl,10646
archive/datasets/m_verified/workspace/crawl_state_relaxed/batchcrawl_20260529T002643Z_round0008_api_filelist_candidates.csv,280086
archive/datasets/m_verified/workspace/crawl_state_relaxed/batchcrawl_20260529T002643Z_round0008_api_filelist_candidates.jsonl,321719
archive/datasets/m_verified/workspace/crawl_state_relaxed/batchcrawl_20260529T002643Z_round0008_api_filelist_candidates_remote_diff.csv,11837288
archive/datasets/m_verified/workspace/crawl_state_relaxed/batchcrawl_20260529T002643Z_round0008_api_filelist_candidates_remote_diff.jsonl,12109314
archive/datasets/m_verified/workspace/crawl_state_relaxed/batchcrawl_20260529T002643Z_round0008_api_filelist_candidates_repo_status.jsonl,10798
archive/datasets/m_verified/workspace/crawl_state_relaxed/batchcrawl_20260529T002643Z_round0009_api_filelist_candidates.csv,190547
archive/datasets/m_verified/workspace/crawl_state_relaxed/batchcrawl_20260529T002643Z_round0009_api_filelist_candidates.jsonl,224571
archive/datasets/m_verified/workspace/crawl_state_relaxed/batchcrawl_20260529T002643Z_round0009_api_filelist_candidates_remote_diff.csv,3691639
archive/datasets/m_verified/workspace/crawl_state_relaxed/batchcrawl_20260529T002643Z_round0009_api_filelist_candidates_remote_diff.jsonl,3814310
archive/datasets/m_verified/workspace/crawl_state_relaxed/batchcrawl_20260529T002643Z_round0009_api_filelist_candidates_repo_status.jsonl,10728
archive/datasets/m_verified/workspace/crawl_state_relaxed/batchcrawl_20260529T002643Z_round0010_api_filelist_candidates.csv,207215
archive/datasets/m_verified/workspace/crawl_state_relaxed/batchcrawl_20260529T002643Z_round0010_api_filelist_candidates.jsonl,243757
archive/datasets/m_verified/workspace/crawl_state_relaxed/batchcrawl_20260529T002643Z_round0010_api_filelist_candidates_remote_diff.csv,2308669
archive/datasets/m_verified/workspace/crawl_state_relaxed/batchcrawl_20260529T002643Z_round0010_api_filelist_candidates_remote_diff.jsonl,2407816
archive/datasets/m_verified/workspace/crawl_state_relaxed/batchcrawl_20260529T002643Z_round0010_api_filelist_candidates_repo_status.jsonl,10779
archive/datasets/m_verified/workspace/crawl_state_relaxed/batchcrawl_20260529T002643Z_round0011_api_filelist_candidates.csv,242323
archive/datasets/m_verified/workspace/crawl_state_relaxed/batchcrawl_20260529T002643Z_round0011_api_filelist_candidates.jsonl,276106
archive/datasets/m_verified/workspace/crawl_state_relaxed/batchcrawl_20260529T002643Z_round0011_api_filelist_candidates_remote_diff.csv,20200239
archive/datasets/m_verified/workspace/crawl_state_relaxed/batchcrawl_20260529T002643Z_round0011_api_filelist_candidates_remote_diff.jsonl,20378625
archive/datasets/m_verified/workspace/crawl_state_relaxed/batchcrawl_20260529T002643Z_round0011_api_filelist_candidates_repo_status.jsonl,10742
archive/datasets/m_verified/workspace/crawl_state_relaxed/batchcrawl_20260529T002643Z_round0012_api_filelist_candidates.csv,145639
archive/datasets/m_verified/workspace/crawl_state_relaxed/batchcrawl_20260529T002643Z_round0012_api_filelist_candidates.jsonl,164448
archive/datasets/m_verified/workspace/crawl_state_relaxed/batchcrawl_20260529T002643Z_round0012_api_filelist_candidates_remote_diff.csv,1066455
archive/datasets/m_verified/workspace/crawl_state_relaxed/batchcrawl_20260529T002643Z_round0012_api_filelist_candidates_remote_diff.jsonl,1134282
archive/datasets/m_verified/workspace/crawl_state_relaxed/batchcrawl_20260529T002643Z_round0012_api_filelist_candidates_repo_status.jsonl,5352
archive/datasets/m_verified/workspace/crawl_state_relaxed/batchcrawl_20260529T004628Z_repo_discovery.csv,51672
archive/datasets/m_verified/workspace/crawl_state_relaxed/batchcrawl_20260529T004628Z_round0013_api_filelist_candidates.csv,235327
archive/datasets/m_verified/workspace/crawl_state_relaxed/batchcrawl_20260529T004628Z_round0013_api_filelist_candidates.jsonl,272109
archive/datasets/m_verified/workspace/crawl_state_relaxed/batchcrawl_20260529T004628Z_round0013_api_filelist_candidates_remote_diff.csv,3359135
archive/datasets/m_verified/workspace/crawl_state_relaxed/batchcrawl_20260529T004628Z_round0013_api_filelist_candidates_remote_diff.jsonl,3479799
archive/datasets/m_verified/workspace/crawl_state_relaxed/batchcrawl_20260529T004628Z_round0013_api_filelist_candidates_repo_status.jsonl,10717
archive/datasets/m_verified/workspace/crawl_state_relaxed/batchcrawl_20260529T004628Z_round0014_api_filelist_candidates.csv,272883
archive/datasets/m_verified/workspace/crawl_state_relaxed/batchcrawl_20260529T004628Z_round0014_api_filelist_candidates.jsonl,312259
archive/datasets/m_verified/workspace/crawl_state_relaxed/batchcrawl_20260529T004628Z_round0014_api_filelist_candidates_remote_diff.csv,7277632
archive/datasets/m_verified/workspace/crawl_state_relaxed/batchcrawl_20260529T004628Z_round0014_api_filelist_candidates_remote_diff.jsonl,7590854
archive/datasets/m_verified/workspace/crawl_state_relaxed/batchcrawl_20260529T004628Z_round0014_api_filelist_candidates_repo_status.jsonl,10747
archive/datasets/m_verified/workspace/crawl_state_relaxed/batchcrawl_20260529T004628Z_round0015_api_filelist_candidates.csv,239420
archive/datasets/m_verified/workspace/crawl_state_relaxed/batchcrawl_20260529T004628Z_round0015_api_filelist_candidates.jsonl,277578
archive/datasets/m_verified/workspace/crawl_state_relaxed/batchcrawl_20260529T004628Z_round0015_api_filelist_candidates_remote_diff.csv,2396338
archive/datasets/m_verified/workspace/crawl_state_relaxed/batchcrawl_20260529T004628Z_round0015_api_filelist_candidates_remote_diff.jsonl,2502146
archive/datasets/m_verified/workspace/crawl_state_relaxed/batchcrawl_20260529T004628Z_round0015_api_filelist_candidates_repo_status.jsonl,10702
archive/datasets/m_verified/workspace/crawl_state_relaxed/batchcrawl_20260529T004628Z_round0016_api_filelist_candidates.csv,314191
archive/datasets/m_verified/workspace/crawl_state_relaxed/batchcrawl_20260529T004628Z_round0016_api_filelist_candidates.jsonl,355226
archive/datasets/m_verified/workspace/crawl_state_relaxed/batchcrawl_20260529T004628Z_round0016_api_filelist_candidates_remote_diff.csv,14889250
archive/datasets/m_verified/workspace/crawl_state_relaxed/batchcrawl_20260529T004628Z_round0016_api_filelist_candidates_remote_diff.jsonl,15031863
archive/datasets/m_verified/workspace/crawl_state_relaxed/batchcrawl_20260529T004628Z_round0016_api_filelist_candidates_repo_status.jsonl,10698
archive/datasets/m_verified/workspace/crawl_state_relaxed/batchcrawl_20260529T004628Z_round0017_api_filelist_candidates.csv,179985
archive/datasets/m_verified/workspace/crawl_state_relaxed/batchcrawl_20260529T004628Z_round0017_api_filelist_candidates.jsonl,207961
archive/datasets/m_verified/workspace/crawl_state_relaxed/batchcrawl_20260529T004628Z_round0017_api_filelist_candidates_remote_diff.csv,8037779
archive/datasets/m_verified/workspace/crawl_state_relaxed/batchcrawl_20260529T004628Z_round0017_api_filelist_candidates_remote_diff.jsonl,8255890
archive/datasets/m_verified/workspace/crawl_state_relaxed/batchcrawl_20260529T004628Z_round0017_api_filelist_candidates_repo_status.jsonl,10690
archive/datasets/m_verified/workspace/crawl_state_relaxed/batchcrawl_20260529T004628Z_round0018_api_filelist_candidates.csv,97755
archive/datasets/m_verified/workspace/crawl_state_relaxed/batchcrawl_20260529T004628Z_round0018_api_filelist_candidates.jsonl,115618
archive/datasets/m_verified/workspace/crawl_state_relaxed/batchcrawl_20260529T004628Z_round0018_api_filelist_candidates_remote_diff.csv,1974532
archive/datasets/m_verified/workspace/crawl_state_relaxed/batchcrawl_20260529T004628Z_round0018_api_filelist_candidates_remote_diff.jsonl,2024755
archive/datasets/m_verified/workspace/crawl_state_relaxed/batchcrawl_20260529T004628Z_round0018_api_filelist_candidates_repo_status.jsonl,5415
archive/datasets/m_verified/workspace/crawl_state_relaxed/batchcrawl_20260529T010521Z_repo_discovery.csv,52127
archive/datasets/m_verified/workspace/crawl_state_relaxed/batchcrawl_20260529T010521Z_round0019_api_filelist_candidates.csv,198916
archive/datasets/m_verified/workspace/crawl_state_relaxed/batchcrawl_20260529T010521Z_round0019_api_filelist_candidates.jsonl,231616
archive/datasets/m_verified/workspace/crawl_state_relaxed/batchcrawl_20260529T010521Z_round0019_api_filelist_candidates_remote_diff.csv,1920655
archive/datasets/m_verified/workspace/crawl_state_relaxed/batchcrawl_20260529T010521Z_round0019_api_filelist_candidates_remote_diff.jsonl,2000742
archive/datasets/m_verified/workspace/crawl_state_relaxed/batchcrawl_20260529T010521Z_round0019_api_filelist_candidates_repo_status.jsonl,10716
archive/datasets/m_verified/workspace/crawl_state_relaxed/batchcrawl_20260529T010521Z_round0020_api_filelist_candidates.csv,219061
archive/datasets/m_verified/workspace/crawl_state_relaxed/batchcrawl_20260529T010521Z_round0020_api_filelist_candidates.jsonl,251200
archive/datasets/m_verified/workspace/crawl_state_relaxed/batchcrawl_20260529T010521Z_round0020_api_filelist_candidates_remote_diff.csv,2523780
archive/datasets/m_verified/workspace/crawl_state_relaxed/batchcrawl_20260529T010521Z_round0020_api_filelist_candidates_remote_diff.jsonl,2613160
archive/datasets/m_verified/workspace/crawl_state_relaxed/batchcrawl_20260529T010521Z_round0020_api_filelist_candidates_repo_status.jsonl,10805
archive/datasets/m_verified/workspace/crawl_state_relaxed/batchcrawl_20260529T010521Z_round0021_api_filelist_candidates.csv,235652
archive/datasets/m_verified/workspace/crawl_state_relaxed/batchcrawl_20260529T010521Z_round0021_api_filelist_candidates.jsonl,270724
archive/datasets/m_verified/workspace/crawl_state_relaxed/batchcrawl_20260529T010521Z_round0021_api_filelist_candidates_remote_diff.csv,13911868
archive/datasets/m_verified/workspace/crawl_state_relaxed/batchcrawl_20260529T010521Z_round0021_api_filelist_candidates_remote_diff.jsonl,14263646
archive/datasets/m_verified/workspace/crawl_state_relaxed/batchcrawl_20260529T010521Z_round0021_api_filelist_candidates_repo_status.jsonl,10823
archive/datasets/m_verified/workspace/crawl_state_relaxed/batchcrawl_20260529T010521Z_round0022_api_filelist_candidates.csv,180896
archive/datasets/m_verified/workspace/crawl_state_relaxed/batchcrawl_20260529T010521Z_round0022_api_filelist_candidates.jsonl,214215
archive/datasets/m_verified/workspace/crawl_state_relaxed/batchcrawl_20260529T010521Z_round0022_api_filelist_candidates_remote_diff.csv,7406453
archive/datasets/m_verified/workspace/crawl_state_relaxed/batchcrawl_20260529T010521Z_round0022_api_filelist_candidates_remote_diff.jsonl,7511249
archive/datasets/m_verified/workspace/crawl_state_relaxed/batchcrawl_20260529T010521Z_round0022_api_filelist_candidates_repo_status.jsonl,10712
archive/datasets/m_verified/workspace/crawl_state_relaxed/batchcrawl_20260529T010521Z_round0023_api_filelist_candidates.csv,274721
archive/datasets/m_verified/workspace/crawl_state_relaxed/batchcrawl_20260529T010521Z_round0023_api_filelist_candidates.jsonl,307958
archive/datasets/m_verified/workspace/crawl_state_relaxed/batchcrawl_20260529T010521Z_round0023_api_filelist_candidates_remote_diff.csv,2823505
archive/datasets/m_verified/workspace/crawl_state_relaxed/batchcrawl_20260529T010521Z_round0023_api_filelist_candidates_remote_diff.jsonl,2925539
archive/datasets/m_verified/workspace/crawl_state_relaxed/batchcrawl_20260529T010521Z_round0023_api_filelist_candidates_repo_status.jsonl,10760
archive/datasets/m_verified/workspace/crawl_state_relaxed/batchcrawl_20260529T010521Z_round0024_api_filelist_candidates.csv,51601
archive/datasets/m_verified/workspace/crawl_state_relaxed/batchcrawl_20260529T010521Z_round0024_api_filelist_candidates.jsonl,61088
archive/datasets/m_verified/workspace/crawl_state_relaxed/batchcrawl_20260529T010521Z_round0024_api_filelist_candidates_remote_diff.csv,613535
archive/datasets/m_verified/workspace/crawl_state_relaxed/batchcrawl_20260529T010521Z_round0024_api_filelist_candidates_remote_diff.jsonl,636319
archive/datasets/m_verified/workspace/crawl_state_relaxed/batchcrawl_20260529T010521Z_round0024_api_filelist_candidates_repo_status.jsonl,5454
archive/datasets/m_verified/workspace/crawl_state_relaxed/batchcrawl_20260529T012538Z_repo_discovery.csv,52421
archive/datasets/m_verified/workspace/crawl_state_relaxed/batchcrawl_20260529T012538Z_round0025_api_filelist_candidates.csv,202202
archive/datasets/m_verified/workspace/crawl_state_relaxed/batchcrawl_20260529T012538Z_round0025_api_filelist_candidates.jsonl,234657
archive/datasets/m_verified/workspace/crawl_state_relaxed/batchcrawl_20260529T012538Z_round0025_api_filelist_candidates_remote_diff.csv,12723405
archive/datasets/m_verified/workspace/crawl_state_relaxed/batchcrawl_20260529T012538Z_round0025_api_filelist_candidates_remote_diff.jsonl,12902425
archive/datasets/m_verified/workspace/crawl_state_relaxed/batchcrawl_20260529T012538Z_round0025_api_filelist_candidates_repo_status.jsonl,10757
archive/datasets/m_verified/workspace/crawl_state_relaxed/batchcrawl_20260529T012538Z_round0026_api_filelist_candidates.csv,196408
archive/datasets/m_verified/workspace/crawl_state_relaxed/batchcrawl_20260529T012538Z_round0026_api_filelist_candidates.jsonl,228513
archive/datasets/m_verified/workspace/crawl_state_relaxed/batchcrawl_20260529T012538Z_round0026_api_filelist_candidates_remote_diff.csv,2221765
archive/datasets/m_verified/workspace/crawl_state_relaxed/batchcrawl_20260529T012538Z_round0026_api_filelist_candidates_remote_diff.jsonl,2306061
archive/datasets/m_verified/workspace/crawl_state_relaxed/batchcrawl_20260529T012538Z_round0026_api_filelist_candidates_repo_status.jsonl,10740
archive/datasets/m_verified/workspace/crawl_state_relaxed/batchcrawl_20260529T012538Z_round0027_api_filelist_candidates.csv,171279
archive/datasets/m_verified/workspace/crawl_state_relaxed/batchcrawl_20260529T012538Z_round0027_api_filelist_candidates.jsonl,204224
archive/datasets/m_verified/workspace/crawl_state_relaxed/batchcrawl_20260529T012538Z_round0027_api_filelist_candidates_remote_diff.csv,3967236
archive/datasets/m_verified/workspace/crawl_state_relaxed/batchcrawl_20260529T012538Z_round0027_api_filelist_candidates_remote_diff.jsonl,4082581
archive/datasets/m_verified/workspace/crawl_state_relaxed/batchcrawl_20260529T012538Z_round0027_api_filelist_candidates_repo_status.jsonl,10769
archive/datasets/m_verified/workspace/crawl_state_relaxed/batchcrawl_20260529T012538Z_round0028_api_filelist_candidates.csv,172384
archive/datasets/m_verified/workspace/crawl_state_relaxed/batchcrawl_20260529T012538Z_round0028_api_filelist_candidates.jsonl,201650
archive/datasets/m_verified/workspace/crawl_state_relaxed/batchcrawl_20260529T012538Z_round0028_api_filelist_candidates_remote_diff.csv,5857690
archive/datasets/m_verified/workspace/crawl_state_relaxed/batchcrawl_20260529T012538Z_round0028_api_filelist_candidates_remote_diff.jsonl,6047985
archive/datasets/m_verified/workspace/crawl_state_relaxed/batchcrawl_20260529T012538Z_round0028_api_filelist_candidates_repo_status.jsonl,10760
archive/datasets/m_verified/workspace/crawl_state_relaxed/batchcrawl_20260529T012538Z_round0029_api_filelist_candidates.csv,155595
archive/datasets/m_verified/workspace/crawl_state_relaxed/batchcrawl_20260529T012538Z_round0029_api_filelist_candidates.jsonl,186172
archive/datasets/m_verified/workspace/crawl_state_relaxed/batchcrawl_20260529T012538Z_round0029_api_filelist_candidates_remote_diff.csv,34347319
archive/datasets/m_verified/workspace/crawl_state_relaxed/batchcrawl_20260529T012538Z_round0029_api_filelist_candidates_remote_diff.jsonl,36008574
archive/datasets/m_verified/workspace/crawl_state_relaxed/batchcrawl_20260529T012538Z_round0029_api_filelist_candidates_repo_status.jsonl,10759
archive/datasets/m_verified/workspace/crawl_state_relaxed/batchcrawl_20260529T012538Z_round0030_api_filelist_candidates.csv,46624
archive/datasets/m_verified/workspace/crawl_state_relaxed/batchcrawl_20260529T012538Z_round0030_api_filelist_candidates.jsonl,58197
archive/datasets/m_verified/workspace/crawl_state_relaxed/batchcrawl_20260529T012538Z_round0030_api_filelist_candidates_remote_diff.csv,2531471
archive/datasets/m_verified/workspace/crawl_state_relaxed/batchcrawl_20260529T012538Z_round0030_api_filelist_candidates_remote_diff.jsonl,2604087
archive/datasets/m_verified/workspace/crawl_state_relaxed/batchcrawl_20260529T012538Z_round0030_api_filelist_candidates_repo_status.jsonl,5367
archive/datasets/m_verified/workspace/crawl_state_relaxed/batchcrawl_20260529T014816Z_repo_discovery.csv,50777
archive/datasets/m_verified/workspace/crawl_state_relaxed/batchcrawl_20260529T014816Z_round0031_api_filelist_candidates.csv,200630
archive/datasets/m_verified/workspace/crawl_state_relaxed/batchcrawl_20260529T014816Z_round0031_api_filelist_candidates.jsonl,233040
archive/datasets/m_verified/workspace/crawl_state_relaxed/batchcrawl_20260529T014816Z_round0031_api_filelist_candidates_remote_diff.csv,2613219
archive/datasets/m_verified/workspace/crawl_state_relaxed/batchcrawl_20260529T014816Z_round0031_api_filelist_candidates_remote_diff.jsonl,2712676
archive/datasets/m_verified/workspace/crawl_state_relaxed/batchcrawl_20260529T014816Z_round0031_api_filelist_candidates_repo_status.jsonl,10784
archive/datasets/m_verified/workspace/crawl_state_relaxed/batchcrawl_20260529T014816Z_round0032_api_filelist_candidates.csv,117053
archive/datasets/m_verified/workspace/crawl_state_relaxed/batchcrawl_20260529T014816Z_round0032_api_filelist_candidates.jsonl,141842
archive/datasets/m_verified/workspace/crawl_state_relaxed/batchcrawl_20260529T014816Z_round0032_api_filelist_candidates_remote_diff.csv,1042648
archive/datasets/m_verified/workspace/crawl_state_relaxed/batchcrawl_20260529T014816Z_round0032_api_filelist_candidates_remote_diff.jsonl,1096314
archive/datasets/m_verified/workspace/crawl_state_relaxed/batchcrawl_20260529T014816Z_round0032_api_filelist_candidates_repo_status.jsonl,10781
archive/datasets/m_verified/workspace/crawl_state_relaxed/batchcrawl_20260529T014816Z_round0033_api_filelist_candidates.csv,233302
archive/datasets/m_verified/workspace/crawl_state_relaxed/batchcrawl_20260529T014816Z_round0033_api_filelist_candidates.jsonl,264435
archive/datasets/m_verified/workspace/crawl_state_relaxed/batchcrawl_20260529T014816Z_round0033_api_filelist_candidates_remote_diff.csv,11226680
archive/datasets/m_verified/workspace/crawl_state_relaxed/batchcrawl_20260529T014816Z_round0033_api_filelist_candidates_remote_diff.jsonl,11638160
archive/datasets/m_verified/workspace/crawl_state_relaxed/batchcrawl_20260529T014816Z_round0033_api_filelist_candidates_repo_status.jsonl,10700
archive/datasets/m_verified/workspace/crawl_state_relaxed/batchcrawl_20260529T014816Z_round0034_api_filelist_candidates.csv,149235
archive/datasets/m_verified/workspace/crawl_state_relaxed/batchcrawl_20260529T014816Z_round0034_api_filelist_candidates.jsonl,177046
archive/datasets/m_verified/workspace/crawl_state_relaxed/batchcrawl_20260529T014816Z_round0034_api_filelist_candidates_remote_diff.csv,1759998
archive/datasets/m_verified/workspace/crawl_state_relaxed/batchcrawl_20260529T014816Z_round0034_api_filelist_candidates_remote_diff.jsonl,1842956
archive/datasets/m_verified/workspace/crawl_state_relaxed/batchcrawl_20260529T014816Z_round0034_api_filelist_candidates_repo_status.jsonl,10749
archive/datasets/m_verified/workspace/crawl_state_relaxed/batchcrawl_20260529T014816Z_round0035_api_filelist_candidates.csv,141618
archive/datasets/m_verified/workspace/crawl_state_relaxed/batchcrawl_20260529T014816Z_round0035_api_filelist_candidates.jsonl,173851
archive/datasets/m_verified/workspace/crawl_state_relaxed/batchcrawl_20260529T014816Z_round0035_api_filelist_candidates_remote_diff.csv,820305
archive/datasets/m_verified/workspace/crawl_state_relaxed/batchcrawl_20260529T014816Z_round0035_api_filelist_candidates_remote_diff.jsonl,884326
archive/datasets/m_verified/workspace/crawl_state_relaxed/batchcrawl_20260529T014816Z_round0035_api_filelist_candidates_repo_status.jsonl,10690
archive/datasets/m_verified/workspace/crawl_state_relaxed/batchcrawl_20260529T014816Z_round0036_api_filelist_candidates.csv,83648
archive/datasets/m_verified/workspace/crawl_state_relaxed/batchcrawl_20260529T014816Z_round0036_api_filelist_candidates.jsonl,99255
archive/datasets/m_verified/workspace/crawl_state_relaxed/batchcrawl_20260529T014816Z_round0036_api_filelist_candidates_remote_diff.csv,1001809
archive/datasets/m_verified/workspace/crawl_state_relaxed/batchcrawl_20260529T014816Z_round0036_api_filelist_candidates_remote_diff.jsonl,1042684
archive/datasets/m_verified/workspace/crawl_state_relaxed/batchcrawl_20260529T014816Z_round0036_api_filelist_candidates_repo_status.jsonl,5353
archive/datasets/m_verified/workspace/crawl_state_relaxed/batchcrawl_20260529T030722Z_repo_discovery.csv,29662
archive/datasets/m_verified/workspace/crawl_state_relaxed/batchcrawl_20260529T030722Z_round0037_api_filelist_candidates.csv,161690
archive/datasets/m_verified/workspace/crawl_state_relaxed/batchcrawl_20260529T030722Z_round0037_api_filelist_candidates.jsonl,186238
archive/datasets/m_verified/workspace/crawl_state_relaxed/batchcrawl_20260529T030722Z_round0037_api_filelist_candidates_remote_diff.csv,1616878
archive/datasets/m_verified/workspace/crawl_state_relaxed/batchcrawl_20260529T030722Z_round0037_api_filelist_candidates_remote_diff.jsonl,1697340
archive/datasets/m_verified/workspace/crawl_state_relaxed/batchcrawl_20260529T030722Z_round0037_api_filelist_candidates_repo_status.jsonl,8085
archive/datasets/m_verified/workspace/crawl_state_relaxed/batchcrawl_20260529T030722Z_round0038_api_filelist_candidates.csv,161975
archive/datasets/m_verified/workspace/crawl_state_relaxed/batchcrawl_20260529T030722Z_round0038_api_filelist_candidates.jsonl,183810
archive/datasets/m_verified/workspace/crawl_state_relaxed/batchcrawl_20260529T030722Z_round0038_api_filelist_candidates_remote_diff.csv,3802368
archive/datasets/m_verified/workspace/crawl_state_relaxed/batchcrawl_20260529T030722Z_round0038_api_filelist_candidates_remote_diff.jsonl,3945665
archive/datasets/m_verified/workspace/crawl_state_relaxed/batchcrawl_20260529T030722Z_round0038_api_filelist_candidates_repo_status.jsonl,8245
archive/datasets/m_verified/workspace/crawl_state_relaxed/batchcrawl_20260529T030722Z_round0039_api_filelist_candidates.csv,131776
archive/datasets/m_verified/workspace/crawl_state_relaxed/batchcrawl_20260529T030722Z_round0039_api_filelist_candidates.jsonl,154429
archive/datasets/m_verified/workspace/crawl_state_relaxed/batchcrawl_20260529T030722Z_round0039_api_filelist_candidates_remote_diff.csv,1864992
archive/datasets/m_verified/workspace/crawl_state_relaxed/batchcrawl_20260529T030722Z_round0039_api_filelist_candidates_remote_diff.jsonl,1938631
archive/datasets/m_verified/workspace/crawl_state_relaxed/batchcrawl_20260529T030722Z_round0039_api_filelist_candidates_repo_status.jsonl,8065
archive/datasets/m_verified/workspace/crawl_state_relaxed/batchcrawl_20260529T030722Z_round0040_api_filelist_candidates.csv,119169
archive/datasets/m_verified/workspace/crawl_state_relaxed/batchcrawl_20260529T030722Z_round0040_api_filelist_candidates.jsonl,140270
archive/datasets/m_verified/workspace/crawl_state_relaxed/batchcrawl_20260529T030722Z_round0040_api_filelist_candidates_remote_diff.csv,1048752
archive/datasets/m_verified/workspace/crawl_state_relaxed/batchcrawl_20260529T030722Z_round0040_api_filelist_candidates_remote_diff.jsonl,1100607
archive/datasets/m_verified/workspace/crawl_state_relaxed/batchcrawl_20260529T030722Z_round0040_api_filelist_candidates_repo_status.jsonl,8081
archive/datasets/m_verified/workspace/crawl_state_relaxed/batchcrawl_20260529T032644Z_repo_discovery.csv,27523
archive/datasets/m_verified/workspace/crawl_state_relaxed/batchcrawl_20260529T032644Z_round0041_api_filelist_candidates.csv,80376
archive/datasets/m_verified/workspace/crawl_state_relaxed/batchcrawl_20260529T032644Z_round0041_api_filelist_candidates.jsonl,98420
archive/datasets/m_verified/workspace/crawl_state_relaxed/batchcrawl_20260529T032644Z_round0041_api_filelist_candidates_remote_diff.csv,786255
archive/datasets/m_verified/workspace/crawl_state_relaxed/batchcrawl_20260529T032644Z_round0041_api_filelist_candidates_remote_diff.jsonl,822986
archive/datasets/m_verified/workspace/crawl_state_relaxed/batchcrawl_20260529T032644Z_round0041_api_filelist_candidates_repo_status.jsonl,8111
archive/datasets/m_verified/workspace/crawl_state_relaxed/batchcrawl_20260529T032644Z_round0042_api_filelist_candidates.csv,120620
archive/datasets/m_verified/workspace/crawl_state_relaxed/batchcrawl_20260529T032644Z_round0042_api_filelist_candidates.jsonl,138013
archive/datasets/m_verified/workspace/crawl_state_relaxed/batchcrawl_20260529T032644Z_round0042_api_filelist_candidates_remote_diff.csv,2290132
archive/datasets/m_verified/workspace/crawl_state_relaxed/batchcrawl_20260529T032644Z_round0042_api_filelist_candidates_remote_diff.jsonl,2373850
archive/datasets/m_verified/workspace/crawl_state_relaxed/batchcrawl_20260529T032644Z_round0042_api_filelist_candidates_repo_status.jsonl,8164
archive/datasets/m_verified/workspace/crawl_state_relaxed/batchcrawl_20260529T032644Z_round0043_api_filelist_candidates.csv,117188
archive/datasets/m_verified/workspace/crawl_state_relaxed/batchcrawl_20260529T032644Z_round0043_api_filelist_candidates.jsonl,140289
archive/datasets/m_verified/workspace/crawl_state_relaxed/batchcrawl_20260529T032644Z_round0043_api_filelist_candidates_remote_diff.csv,1271591
archive/datasets/m_verified/workspace/crawl_state_relaxed/batchcrawl_20260529T032644Z_round0043_api_filelist_candidates_remote_diff.jsonl,1326110
archive/datasets/m_verified/workspace/crawl_state_relaxed/batchcrawl_20260529T032644Z_round0043_api_filelist_candidates_repo_status.jsonl,8014
archive/datasets/m_verified/workspace/crawl_state_relaxed/batchcrawl_20260529T032644Z_round0044_api_filelist_candidates.csv,119926
archive/datasets/m_verified/workspace/crawl_state_relaxed/batchcrawl_20260529T032644Z_round0044_api_filelist_candidates.jsonl,143256
archive/datasets/m_verified/workspace/crawl_state_relaxed/batchcrawl_20260529T032644Z_round0044_api_filelist_candidates_remote_diff.csv,1534808
archive/datasets/m_verified/workspace/crawl_state_relaxed/batchcrawl_20260529T032644Z_round0044_api_filelist_candidates_remote_diff.jsonl,1605642
archive/datasets/m_verified/workspace/crawl_state_relaxed/batchcrawl_20260529T032644Z_round0044_api_filelist_candidates_repo_status.jsonl,8050
archive/datasets/m_verified/workspace/crawl_state_relaxed/batchcrawl_20260529T034500Z_repo_discovery.csv,27649
archive/datasets/m_verified/workspace/crawl_state_relaxed/batchcrawl_20260529T034500Z_round0045_api_filelist_candidates.csv,112581
archive/datasets/m_verified/workspace/crawl_state_relaxed/batchcrawl_20260529T034500Z_round0045_api_filelist_candidates.jsonl,132911
archive/datasets/m_verified/workspace/crawl_state_relaxed/batchcrawl_20260529T034500Z_round0045_api_filelist_candidates_remote_diff.csv,1488780
archive/datasets/m_verified/workspace/crawl_state_relaxed/batchcrawl_20260529T034500Z_round0045_api_filelist_candidates_remote_diff.jsonl,1548600
archive/datasets/m_verified/workspace/crawl_state_relaxed/batchcrawl_20260529T034500Z_round0045_api_filelist_candidates_repo_status.jsonl,8050
archive/datasets/m_verified/workspace/crawl_state_relaxed/batchcrawl_20260529T034500Z_round0046_api_filelist_candidates.csv,104404
archive/datasets/m_verified/workspace/crawl_state_relaxed/batchcrawl_20260529T034500Z_round0046_api_filelist_candidates.jsonl,126171
archive/datasets/m_verified/workspace/crawl_state_relaxed/batchcrawl_20260529T034500Z_round0046_api_filelist_candidates_remote_diff.csv,754523
archive/datasets/m_verified/workspace/crawl_state_relaxed/batchcrawl_20260529T034500Z_round0046_api_filelist_candidates_remote_diff.jsonl,794629
archive/datasets/m_verified/workspace/crawl_state_relaxed/batchcrawl_20260529T034500Z_round0046_api_filelist_candidates_repo_status.jsonl,8066
archive/datasets/m_verified/workspace/crawl_state_relaxed/batchcrawl_20260529T034500Z_round0047_api_filelist_candidates.csv,101989
archive/datasets/m_verified/workspace/crawl_state_relaxed/batchcrawl_20260529T034500Z_round0047_api_filelist_candidates.jsonl,119429
archive/datasets/m_verified/workspace/crawl_state_relaxed/batchcrawl_20260529T034500Z_round0047_api_filelist_candidates_remote_diff.csv,1009842
archive/datasets/m_verified/workspace/crawl_state_relaxed/batchcrawl_20260529T034500Z_round0047_api_filelist_candidates_remote_diff.jsonl,1057300
archive/datasets/m_verified/workspace/crawl_state_relaxed/batchcrawl_20260529T034500Z_round0047_api_filelist_candidates_repo_status.jsonl,8084
archive/datasets/m_verified/workspace/crawl_state_relaxed/batchcrawl_20260529T034500Z_round0048_api_filelist_candidates.csv,109193
archive/datasets/m_verified/workspace/crawl_state_relaxed/batchcrawl_20260529T034500Z_round0048_api_filelist_candidates.jsonl,130716
archive/datasets/m_verified/workspace/crawl_state_relaxed/batchcrawl_20260529T034500Z_round0048_api_filelist_candidates_remote_diff.csv,1691008
archive/datasets/m_verified/workspace/crawl_state_relaxed/batchcrawl_20260529T034500Z_round0048_api_filelist_candidates_remote_diff.jsonl,1756178
archive/datasets/m_verified/workspace/crawl_state_relaxed/batchcrawl_20260529T034500Z_round0048_api_filelist_candidates_repo_status.jsonl,8058
archive/datasets/m_verified/workspace/crawl_state_relaxed/batchcrawl_20260529T040232Z_repo_discovery.csv,26347
archive/datasets/m_verified/workspace/crawl_state_relaxed/batchcrawl_20260529T040232Z_round0049_api_filelist_candidates.csv,115233
archive/datasets/m_verified/workspace/crawl_state_relaxed/batchcrawl_20260529T040232Z_round0049_api_filelist_candidates.jsonl,136613
archive/datasets/m_verified/workspace/crawl_state_relaxed/batchcrawl_20260529T040232Z_round0049_api_filelist_candidates_remote_diff.csv,4080400
archive/datasets/m_verified/workspace/crawl_state_relaxed/batchcrawl_20260529T040232Z_round0049_api_filelist_candidates_remote_diff.jsonl,4121711
archive/datasets/m_verified/workspace/crawl_state_relaxed/batchcrawl_20260529T040232Z_round0049_api_filelist_candidates_repo_status.jsonl,8130
archive/datasets/m_verified/workspace/crawl_state_relaxed/batchcrawl_20260529T040232Z_round0050_api_filelist_candidates.csv,112949
archive/datasets/m_verified/workspace/crawl_state_relaxed/batchcrawl_20260529T040232Z_round0050_api_filelist_candidates.jsonl,136195
archive/datasets/m_verified/workspace/crawl_state_relaxed/batchcrawl_20260529T040232Z_round0050_api_filelist_candidates_remote_diff.csv,2269220
archive/datasets/m_verified/workspace/crawl_state_relaxed/batchcrawl_20260529T040232Z_round0050_api_filelist_candidates_remote_diff.jsonl,2332860
archive/datasets/m_verified/workspace/crawl_state_relaxed/batchcrawl_20260529T040232Z_round0050_api_filelist_candidates_repo_status.jsonl,8180
archive/datasets/m_verified/workspace/crawl_state_relaxed/batchcrawl_20260529T040232Z_round0051_api_filelist_candidates.csv,151782
archive/datasets/m_verified/workspace/crawl_state_relaxed/batchcrawl_20260529T040232Z_round0051_api_filelist_candidates.jsonl,180430
archive/datasets/m_verified/workspace/crawl_state_relaxed/batchcrawl_20260529T040232Z_round0051_api_filelist_candidates_remote_diff.csv,2813624
archive/datasets/m_verified/workspace/crawl_state_relaxed/batchcrawl_20260529T040232Z_round0051_api_filelist_candidates_remote_diff.jsonl,2902349
archive/datasets/m_verified/workspace/crawl_state_relaxed/batchcrawl_20260529T040232Z_round0051_api_filelist_candidates_repo_status.jsonl,8026
archive/datasets/m_verified/workspace/crawl_state_relaxed/batchcrawl_20260529T040232Z_round0052_api_filelist_candidates.csv,129191
archive/datasets/m_verified/workspace/crawl_state_relaxed/batchcrawl_20260529T040232Z_round0052_api_filelist_candidates.jsonl,155669
archive/datasets/m_verified/workspace/crawl_state_relaxed/batchcrawl_20260529T040232Z_round0052_api_filelist_candidates_remote_diff.csv,1234973
archive/datasets/m_verified/workspace/crawl_state_relaxed/batchcrawl_20260529T040232Z_round0052_api_filelist_candidates_remote_diff.jsonl,1292659
archive/datasets/m_verified/workspace/crawl_state_relaxed/batchcrawl_20260529T040232Z_round0052_api_filelist_candidates_repo_status.jsonl,8030
archive/datasets/m_verified/workspace/crawl_state_relaxed/batchcrawl_20260529T041942Z_repo_discovery.csv,14531
archive/datasets/m_verified/workspace/crawl_state_relaxed/batchcrawl_20260529T041942Z_round0053_api_filelist_candidates.csv,97999
archive/datasets/m_verified/workspace/crawl_state_relaxed/batchcrawl_20260529T041942Z_round0053_api_filelist_candidates.jsonl,113683
archive/datasets/m_verified/workspace/crawl_state_relaxed/batchcrawl_20260529T041942Z_round0053_api_filelist_candidates_remote_diff.csv,1111915
archive/datasets/m_verified/workspace/crawl_state_relaxed/batchcrawl_20260529T041942Z_round0053_api_filelist_candidates_remote_diff.jsonl,1153914
archive/datasets/m_verified/workspace/crawl_state_relaxed/batchcrawl_20260529T041942Z_round0053_api_filelist_candidates_repo_status.jsonl,8188
archive/datasets/m_verified/workspace/crawl_state_relaxed/batchcrawl_20260529T041942Z_round0054_api_filelist_candidates.csv,96328
archive/datasets/m_verified/workspace/crawl_state_relaxed/batchcrawl_20260529T041942Z_round0054_api_filelist_candidates.jsonl,110996
archive/datasets/m_verified/workspace/crawl_state_relaxed/batchcrawl_20260529T041942Z_round0054_api_filelist_candidates_remote_diff.csv,917219
archive/datasets/m_verified/workspace/crawl_state_relaxed/batchcrawl_20260529T041942Z_round0054_api_filelist_candidates_remote_diff.jsonl,956614
archive/datasets/m_verified/workspace/crawl_state_relaxed/batchcrawl_20260529T041942Z_round0054_api_filelist_candidates_repo_status.jsonl,8170
archive/datasets/m_verified/workspace/crawl_state_relaxed/batchcrawl_20260529T041942Z_round0055_api_filelist_candidates.csv,152305
archive/datasets/m_verified/workspace/crawl_state_relaxed/batchcrawl_20260529T041942Z_round0055_api_filelist_candidates.jsonl,173845
archive/datasets/m_verified/workspace/crawl_state_relaxed/batchcrawl_20260529T041942Z_round0055_api_filelist_candidates_remote_diff.csv,2023281
archive/datasets/m_verified/workspace/crawl_state_relaxed/batchcrawl_20260529T041942Z_round0055_api_filelist_candidates_remote_diff.jsonl,2104996
archive/datasets/m_verified/workspace/crawl_state_relaxed/batchcrawl_20260529T041942Z_round0055_api_filelist_candidates_repo_status.jsonl,4737
archive/datasets/m_verified/workspace/crawl_state_relaxed/batchcrawl_20260529T043112Z_repo_discovery.csv,67
archive/datasets/m_verified/workspace/crawl_state_relaxed/batchcrawl_20260529T043854Z_repo_discovery.csv,67
archive/datasets/m_verified/workspace/crawl_state_relaxed/batchcrawl_20260529T044639Z_repo_discovery.csv,67
archive/datasets/m_verified/workspace/crawl_state_relaxed/batchcrawl_20260529T051442Z_repo_discovery.csv,67
archive/datasets/m_verified/workspace/crawl_state_relaxed/batchcrawl_20260529T060101Z_repo_discovery.csv,67
archive/datasets/m_verified/workspace/crawl_state_relaxed/batchcrawl_20260529T060716Z_repo_discovery.csv,67
archive/datasets/m_verified/workspace/crawl_state_relaxed/batchcrawl_20260529T061521Z_repo_discovery.csv,67
archive/datasets/m_verified/workspace/crawl_state_relaxed/batchcrawl_20260529T062349Z_repo_discovery.csv,67
archive/datasets/m_verified/workspace/crawl_state_relaxed/batchcrawl_20260529T063200Z_repo_discovery.csv,67
archive/datasets/m_verified/workspace/crawl_state_relaxed/batchcrawl_20260529T064008Z_repo_discovery.csv,67
archive/datasets/m_verified/workspace/crawl_state_relaxed/batchcrawl_20260529T064803Z_repo_discovery.csv,67
archive/datasets/m_verified/workspace/crawl_state_relaxed/batchcrawl_20260529T065620Z_repo_discovery.csv,67
archive/datasets/m_verified/workspace/crawl_state_relaxed/batchcrawl_20260529T070433Z_repo_discovery.csv,67
archive/datasets/m_verified/workspace/crawl_state_relaxed/batchcrawl_20260529T071326Z_repo_discovery.csv,375
archive/datasets/m_verified/workspace/crawl_state_relaxed/batchcrawl_20260529T071326Z_round0056_api_filelist_candidates.csv,5988
archive/datasets/m_verified/workspace/crawl_state_relaxed/batchcrawl_20260529T071326Z_round0056_api_filelist_candidates.jsonl,7021
archive/datasets/m_verified/workspace/crawl_state_relaxed/batchcrawl_20260529T071326Z_round0056_api_filelist_candidates_remote_diff.csv,26634
archive/datasets/m_verified/workspace/crawl_state_relaxed/batchcrawl_20260529T071326Z_round0056_api_filelist_candidates_remote_diff.jsonl,28124
archive/datasets/m_verified/workspace/crawl_state_relaxed/batchcrawl_20260529T071326Z_round0056_api_filelist_candidates_repo_status.jsonl,271
archive/datasets/m_verified/workspace/crawl_state_relaxed/batchcrawl_20260529T071657Z_repo_discovery.csv,67
archive/datasets/m_verified/workspace/crawl_state_relaxed/batchcrawl_20260529T072513Z_repo_discovery.csv,67
archive/datasets/m_verified/workspace/crawl_state_relaxed/batchcrawl_20260529T101602Z_repo_discovery.csv,67
archive/datasets/m_verified/workspace/crawl_state_relaxed/batchcrawl_20260529T102409Z_repo_discovery.csv,67
archive/datasets/m_verified/workspace/crawl_state_relaxed/batchcrawl_20260529T103211Z_repo_discovery.csv,67
archive/datasets/m_verified/workspace/crawl_state_relaxed/batchcrawl_20260529T104012Z_repo_discovery.csv,67
archive/datasets/m_verified/workspace/crawl_state_relaxed/batchcrawl_20260529T110305Z_repo_discovery.csv,28060
archive/datasets/m_verified/workspace/crawl_state_relaxed/batchcrawl_20260529T110305Z_round0057_api_filelist_candidates.csv,98729
archive/datasets/m_verified/workspace/crawl_state_relaxed/batchcrawl_20260529T110305Z_round0057_api_filelist_candidates.jsonl,120951
archive/datasets/m_verified/workspace/crawl_state_relaxed/batchcrawl_20260529T110305Z_round0057_api_filelist_candidates_remote_diff.csv,1942627
archive/datasets/m_verified/workspace/crawl_state_relaxed/batchcrawl_20260529T110305Z_round0057_api_filelist_candidates_remote_diff.jsonl,2084487
archive/datasets/m_verified/workspace/crawl_state_relaxed/batchcrawl_20260529T110305Z_round0057_api_filelist_candidates_repo_status.jsonl,8132
archive/datasets/m_verified/workspace/crawl_state_relaxed/batchcrawl_20260529T110305Z_round0058_api_filelist_candidates.csv,82495
archive/datasets/m_verified/workspace/crawl_state_relaxed/batchcrawl_20260529T110305Z_round0058_api_filelist_candidates.jsonl,101646
archive/datasets/m_verified/workspace/crawl_state_relaxed/batchcrawl_20260529T110305Z_round0058_api_filelist_candidates_remote_diff.csv,2885249
archive/datasets/m_verified/workspace/crawl_state_relaxed/batchcrawl_20260529T110305Z_round0058_api_filelist_candidates_remote_diff.jsonl,2971291
archive/datasets/m_verified/workspace/crawl_state_relaxed/batchcrawl_20260529T110305Z_round0058_api_filelist_candidates_repo_status.jsonl,8130
archive/datasets/m_verified/workspace/crawl_state_relaxed/batchcrawl_20260529T110305Z_round0059_api_filelist_candidates.csv,92307
archive/datasets/m_verified/workspace/crawl_state_relaxed/batchcrawl_20260529T110305Z_round0059_api_filelist_candidates.jsonl,110577
archive/datasets/m_verified/workspace/crawl_state_relaxed/batchcrawl_20260529T110305Z_round0059_api_filelist_candidates_remote_diff.csv,1115372
archive/datasets/m_verified/workspace/crawl_state_relaxed/batchcrawl_20260529T110305Z_round0059_api_filelist_candidates_remote_diff.jsonl,1160008
archive/datasets/m_verified/workspace/crawl_state_relaxed/batchcrawl_20260529T110305Z_round0059_api_filelist_candidates_repo_status.jsonl,8162
archive/datasets/m_verified/workspace/crawl_state_relaxed/batchcrawl_20260529T110305Z_round0060_api_filelist_candidates.csv,79011
archive/datasets/m_verified/workspace/crawl_state_relaxed/batchcrawl_20260529T110305Z_round0060_api_filelist_candidates.jsonl,93824
archive/datasets/m_verified/workspace/crawl_state_relaxed/batchcrawl_20260529T110305Z_round0060_api_filelist_candidates_remote_diff.csv,9450260
archive/datasets/m_verified/workspace/crawl_state_relaxed/batchcrawl_20260529T110305Z_round0060_api_filelist_candidates_remote_diff.jsonl,9651102
archive/datasets/m_verified/workspace/crawl_state_relaxed/batchcrawl_20260529T110305Z_round0060_api_filelist_candidates_repo_status.jsonl,8128
archive/datasets/m_verified/workspace/crawl_state_relaxed/batchcrawl_20260529T112119Z_repo_discovery.csv,67
archive/datasets/m_verified/workspace/crawl_state_relaxed/batchcrawl_20260529T112920Z_repo_discovery.csv,67
archive/datasets/m_verified/workspace/crawl_state_relaxed/batchcrawl_20260529T113721Z_repo_discovery.csv,27754
archive/datasets/m_verified/workspace/crawl_state_relaxed/batchcrawl_20260529T113721Z_round0061_api_filelist_candidates.csv,98270
archive/datasets/m_verified/workspace/crawl_state_relaxed/batchcrawl_20260529T113721Z_round0061_api_filelist_candidates.jsonl,117072
archive/datasets/m_verified/workspace/crawl_state_relaxed/batchcrawl_20260529T113721Z_round0061_api_filelist_candidates_remote_diff.csv,6231248
archive/datasets/m_verified/workspace/crawl_state_relaxed/batchcrawl_20260529T113721Z_round0061_api_filelist_candidates_remote_diff.jsonl,6373461
archive/datasets/m_verified/workspace/crawl_state_relaxed/batchcrawl_20260529T113721Z_round0061_api_filelist_candidates_repo_status.jsonl,8089
archive/datasets/m_verified/workspace/crawl_state_relaxed/batchcrawl_20260529T113721Z_round0062_api_filelist_candidates.csv,92240
archive/datasets/m_verified/workspace/crawl_state_relaxed/batchcrawl_20260529T113721Z_round0062_api_filelist_candidates.jsonl,109471
archive/datasets/m_verified/workspace/crawl_state_relaxed/batchcrawl_20260529T113721Z_round0062_api_filelist_candidates_remote_diff.csv,1306080
archive/datasets/m_verified/workspace/crawl_state_relaxed/batchcrawl_20260529T113721Z_round0062_api_filelist_candidates_remote_diff.jsonl,1357405
archive/datasets/m_verified/workspace/crawl_state_relaxed/batchcrawl_20260529T113721Z_round0062_api_filelist_candidates_repo_status.jsonl,8070
archive/datasets/m_verified/workspace/crawl_state_relaxed/batchcrawl_20260529T113721Z_round0063_api_filelist_candidates.csv,90250
archive/datasets/m_verified/workspace/crawl_state_relaxed/batchcrawl_20260529T113721Z_round0063_api_filelist_candidates.jsonl,108975
archive/datasets/m_verified/workspace/crawl_state_relaxed/batchcrawl_20260529T113721Z_round0063_api_filelist_candidates_remote_diff.csv,2212936
archive/datasets/m_verified/workspace/crawl_state_relaxed/batchcrawl_20260529T113721Z_round0063_api_filelist_candidates_remote_diff.jsonl,2285958
archive/datasets/m_verified/workspace/crawl_state_relaxed/batchcrawl_20260529T113721Z_round0063_api_filelist_candidates_repo_status.jsonl,8155
archive/datasets/m_verified/workspace/crawl_state_relaxed/batchcrawl_20260529T113721Z_round0064_api_filelist_candidates.csv,164155
archive/datasets/m_verified/workspace/crawl_state_relaxed/batchcrawl_20260529T113721Z_round0064_api_filelist_candidates.jsonl,188302
archive/datasets/m_verified/workspace/crawl_state_relaxed/batchcrawl_20260529T113721Z_round0064_api_filelist_candidates_remote_diff.csv,3122343
archive/datasets/m_verified/workspace/crawl_state_relaxed/batchcrawl_20260529T113721Z_round0064_api_filelist_candidates_remote_diff.jsonl,3250119
archive/datasets/m_verified/workspace/crawl_state_relaxed/batchcrawl_20260529T113721Z_round0064_api_filelist_candidates_repo_status.jsonl,8100
archive/datasets/m_verified/workspace/crawl_state_relaxed/batchcrawl_20260529T115706Z_repo_discovery.csv,67
archive/datasets/m_verified/workspace/crawl_state_relaxed/batchcrawl_20260529T120524Z_repo_discovery.csv,67
archive/datasets/m_verified/workspace/crawl_state_relaxed/batchcrawl_20260529T121949Z_repo_discovery.csv,27334
archive/datasets/m_verified/workspace/crawl_state_relaxed/batchcrawl_20260529T121949Z_round0065_api_filelist_candidates.csv,88342
archive/datasets/m_verified/workspace/crawl_state_relaxed/batchcrawl_20260529T121949Z_round0065_api_filelist_candidates.jsonl,106109
archive/datasets/m_verified/workspace/crawl_state_relaxed/batchcrawl_20260529T121949Z_round0065_api_filelist_candidates_remote_diff.csv,1221664
archive/datasets/m_verified/workspace/crawl_state_relaxed/batchcrawl_20260529T121949Z_round0065_api_filelist_candidates_remote_diff.jsonl,1267007
archive/datasets/m_verified/workspace/crawl_state_relaxed/batchcrawl_20260529T121949Z_round0065_api_filelist_candidates_repo_status.jsonl,8146
archive/datasets/m_verified/workspace/crawl_state_relaxed/batchcrawl_20260529T121949Z_round0066_api_filelist_candidates.csv,65708
archive/datasets/m_verified/workspace/crawl_state_relaxed/batchcrawl_20260529T121949Z_round0066_api_filelist_candidates.jsonl,82307
archive/datasets/m_verified/workspace/crawl_state_relaxed/batchcrawl_20260529T121949Z_round0066_api_filelist_candidates_remote_diff.csv,1095295
archive/datasets/m_verified/workspace/crawl_state_relaxed/batchcrawl_20260529T121949Z_round0066_api_filelist_candidates_remote_diff.jsonl,1138680
archive/datasets/m_verified/workspace/crawl_state_relaxed/batchcrawl_20260529T121949Z_round0066_api_filelist_candidates_repo_status.jsonl,8035
archive/datasets/m_verified/workspace/crawl_state_relaxed/batchcrawl_20260529T121949Z_round0067_api_filelist_candidates.csv,82864
archive/datasets/m_verified/workspace/crawl_state_relaxed/batchcrawl_20260529T121949Z_round0067_api_filelist_candidates.jsonl,101606
archive/datasets/m_verified/workspace/crawl_state_relaxed/batchcrawl_20260529T121949Z_round0067_api_filelist_candidates_remote_diff.csv,1447976
archive/datasets/m_verified/workspace/crawl_state_relaxed/batchcrawl_20260529T121949Z_round0067_api_filelist_candidates_remote_diff.jsonl,1527116
archive/datasets/m_verified/workspace/crawl_state_relaxed/batchcrawl_20260529T121949Z_round0067_api_filelist_candidates_repo_status.jsonl,8138
archive/datasets/m_verified/workspace/crawl_state_relaxed/batchcrawl_20260529T121949Z_round0068_api_filelist_candidates.csv,103278
archive/datasets/m_verified/workspace/crawl_state_relaxed/batchcrawl_20260529T121949Z_round0068_api_filelist_candidates.jsonl,124870
archive/datasets/m_verified/workspace/crawl_state_relaxed/batchcrawl_20260529T121949Z_round0068_api_filelist_candidates_remote_diff.csv,1745274
archive/datasets/m_verified/workspace/crawl_state_relaxed/batchcrawl_20260529T121949Z_round0068_api_filelist_candidates_remote_diff.jsonl,1816543
archive/datasets/m_verified/workspace/crawl_state_relaxed/batchcrawl_20260529T121949Z_round0068_api_filelist_candidates_repo_status.jsonl,8071
archive/datasets/m_verified/workspace/crawl_state_relaxed/batchcrawl_20260529T124059Z_repo_discovery.csv,67
archive/datasets/m_verified/workspace/crawl_state_relaxed/batchcrawl_20260529T124918Z_repo_discovery.csv,67
archive/datasets/m_verified/workspace/crawl_state_relaxed/batchcrawl_20260529T133030Z_repo_discovery.csv,27409
archive/datasets/m_verified/workspace/crawl_state_relaxed/batchcrawl_20260529T133030Z_round0069_api_filelist_candidates.csv,100269
archive/datasets/m_verified/workspace/crawl_state_relaxed/batchcrawl_20260529T133030Z_round0069_api_filelist_candidates.jsonl,120322
archive/datasets/m_verified/workspace/crawl_state_relaxed/batchcrawl_20260529T133030Z_round0069_api_filelist_candidates_remote_diff.csv,1875066
archive/datasets/m_verified/workspace/crawl_state_relaxed/batchcrawl_20260529T133030Z_round0069_api_filelist_candidates_remote_diff.jsonl,1945474
archive/datasets/m_verified/workspace/crawl_state_relaxed/batchcrawl_20260529T133030Z_round0069_api_filelist_candidates_repo_status.jsonl,8095
archive/datasets/m_verified/workspace/crawl_state_relaxed/batchcrawl_20260529T133030Z_round0070_api_filelist_candidates.csv,87517
archive/datasets/m_verified/workspace/crawl_state_relaxed/batchcrawl_20260529T133030Z_round0070_api_filelist_candidates.jsonl,107363
archive/datasets/m_verified/workspace/crawl_state_relaxed/batchcrawl_20260529T133030Z_round0070_api_filelist_candidates_remote_diff.csv,776112
archive/datasets/m_verified/workspace/crawl_state_relaxed/batchcrawl_20260529T133030Z_round0070_api_filelist_candidates_remote_diff.jsonl,817173
archive/datasets/m_verified/workspace/crawl_state_relaxed/batchcrawl_20260529T133030Z_round0070_api_filelist_candidates_repo_status.jsonl,8155
archive/datasets/m_verified/workspace/crawl_state_relaxed/batchcrawl_20260529T133030Z_round0071_api_filelist_candidates.csv,121231
archive/datasets/m_verified/workspace/crawl_state_relaxed/batchcrawl_20260529T133030Z_round0071_api_filelist_candidates.jsonl,145813
archive/datasets/m_verified/workspace/crawl_state_relaxed/batchcrawl_20260529T133030Z_round0071_api_filelist_candidates_remote_diff.csv,3884499
archive/datasets/m_verified/workspace/crawl_state_relaxed/batchcrawl_20260529T133030Z_round0071_api_filelist_candidates_remote_diff.jsonl,4058232
archive/datasets/m_verified/workspace/crawl_state_relaxed/batchcrawl_20260529T133030Z_round0071_api_filelist_candidates_repo_status.jsonl,8099
archive/datasets/m_verified/workspace/crawl_state_relaxed/batchcrawl_20260529T133030Z_round0072_api_filelist_candidates.csv,183797
archive/datasets/m_verified/workspace/crawl_state_relaxed/batchcrawl_20260529T133030Z_round0072_api_filelist_candidates.jsonl,208426
archive/datasets/m_verified/workspace/crawl_state_relaxed/batchcrawl_20260529T133030Z_round0072_api_filelist_candidates_remote_diff.csv,3205214
archive/datasets/m_verified/workspace/crawl_state_relaxed/batchcrawl_20260529T133030Z_round0072_api_filelist_candidates_remote_diff.jsonl,3313001
archive/datasets/m_verified/workspace/crawl_state_relaxed/batchcrawl_20260529T133030Z_round0072_api_filelist_candidates_repo_status.jsonl,8072
archive/datasets/m_verified/workspace/crawl_state_relaxed/batchcrawl_20260529T135119Z_repo_discovery.csv,67
archive/datasets/m_verified/workspace/crawl_state_relaxed/batchcrawl_20260529T153845Z_repo_discovery.csv,67
archive/datasets/m_verified/workspace/crawl_state_relaxed/batchcrawl_20260529T154716Z_repo_discovery.csv,29926
archive/datasets/m_verified/workspace/crawl_state_relaxed/batchcrawl_20260529T154716Z_round0073_api_filelist_candidates.csv,172473
archive/datasets/m_verified/workspace/crawl_state_relaxed/batchcrawl_20260529T154716Z_round0073_api_filelist_candidates.jsonl,199574
archive/datasets/m_verified/workspace/crawl_state_relaxed/batchcrawl_20260529T154716Z_round0073_api_filelist_candidates_remote_diff.csv,7219282
archive/datasets/m_verified/workspace/crawl_state_relaxed/batchcrawl_20260529T154716Z_round0073_api_filelist_candidates_remote_diff.jsonl,7407833
archive/datasets/m_verified/workspace/crawl_state_relaxed/batchcrawl_20260529T154716Z_round0073_api_filelist_candidates_repo_status.jsonl,8046
archive/datasets/m_verified/workspace/crawl_state_relaxed/batchcrawl_20260529T154716Z_round0074_api_filelist_candidates.csv,74944
archive/datasets/m_verified/workspace/crawl_state_relaxed/batchcrawl_20260529T154716Z_round0074_api_filelist_candidates.jsonl,93503
archive/datasets/m_verified/workspace/crawl_state_relaxed/batchcrawl_20260529T154716Z_round0074_api_filelist_candidates_remote_diff.csv,670930
archive/datasets/m_verified/workspace/crawl_state_relaxed/batchcrawl_20260529T154716Z_round0074_api_filelist_candidates_remote_diff.jsonl,711376
archive/datasets/m_verified/workspace/crawl_state_relaxed/batchcrawl_20260529T154716Z_round0074_api_filelist_candidates_repo_status.jsonl,8107
archive/datasets/m_verified/workspace/crawl_state_relaxed/batchcrawl_20260529T154716Z_round0075_api_filelist_candidates.csv,134283
archive/datasets/m_verified/workspace/crawl_state_relaxed/batchcrawl_20260529T154716Z_round0075_api_filelist_candidates.jsonl,153969
archive/datasets/m_verified/workspace/crawl_state_relaxed/batchcrawl_20260529T154716Z_round0075_api_filelist_candidates_remote_diff.csv,4088139
archive/datasets/m_verified/workspace/crawl_state_relaxed/batchcrawl_20260529T154716Z_round0075_api_filelist_candidates_remote_diff.jsonl,4348365
archive/datasets/m_verified/workspace/crawl_state_relaxed/batchcrawl_20260529T154716Z_round0075_api_filelist_candidates_repo_status.jsonl,8082
archive/datasets/m_verified/workspace/crawl_state_relaxed/batchcrawl_20260529T154716Z_round0076_api_filelist_candidates.csv,118961
archive/datasets/m_verified/workspace/crawl_state_relaxed/batchcrawl_20260529T154716Z_round0076_api_filelist_candidates.jsonl,138461
archive/datasets/m_verified/workspace/crawl_state_relaxed/batchcrawl_20260529T154716Z_round0076_api_filelist_candidates_remote_diff.csv,1617677
archive/datasets/m_verified/workspace/crawl_state_relaxed/batchcrawl_20260529T154716Z_round0076_api_filelist_candidates_remote_diff.jsonl,1678779
archive/datasets/m_verified/workspace/crawl_state_relaxed/batchcrawl_20260529T154716Z_round0076_api_filelist_candidates_repo_status.jsonl,8280
archive/datasets/m_verified/workspace/crawl_state_relaxed/batchcrawl_20260529T160857Z_repo_discovery.csv,67
archive/datasets/m_verified/workspace/crawl_state_relaxed/batchcrawl_20260529T161747Z_repo_discovery.csv,67
archive/datasets/m_verified/workspace/crawl_state_relaxed/batchcrawl_20260529T162611Z_repo_discovery.csv,25956
archive/datasets/m_verified/workspace/crawl_state_relaxed/batchcrawl_20260529T162611Z_round0077_api_filelist_candidates.csv,64303
archive/datasets/m_verified/workspace/crawl_state_relaxed/batchcrawl_20260529T162611Z_round0077_api_filelist_candidates.jsonl,79027
archive/datasets/m_verified/workspace/crawl_state_relaxed/batchcrawl_20260529T162611Z_round0077_api_filelist_candidates_remote_diff.csv,1559383
archive/datasets/m_verified/workspace/crawl_state_relaxed/batchcrawl_20260529T162611Z_round0077_api_filelist_candidates_remote_diff.jsonl,1592018
archive/datasets/m_verified/workspace/crawl_state_relaxed/batchcrawl_20260529T162611Z_round0077_api_filelist_candidates_repo_status.jsonl,8080
archive/datasets/m_verified/workspace/crawl_state_relaxed/batchcrawl_20260529T162611Z_round0078_api_filelist_candidates.csv,105790
archive/datasets/m_verified/workspace/crawl_state_relaxed/batchcrawl_20260529T162611Z_round0078_api_filelist_candidates.jsonl,129211
archive/datasets/m_verified/workspace/crawl_state_relaxed/batchcrawl_20260529T162611Z_round0078_api_filelist_candidates_remote_diff.csv,12389385
archive/datasets/m_verified/workspace/crawl_state_relaxed/batchcrawl_20260529T162611Z_round0078_api_filelist_candidates_remote_diff.jsonl,12513965
archive/datasets/m_verified/workspace/crawl_state_relaxed/batchcrawl_20260529T162611Z_round0078_api_filelist_candidates_repo_status.jsonl,8057
archive/datasets/m_verified/workspace/crawl_state_relaxed/batchcrawl_20260529T162611Z_round0079_api_filelist_candidates.csv,88317
archive/datasets/m_verified/workspace/crawl_state_relaxed/batchcrawl_20260529T162611Z_round0079_api_filelist_candidates.jsonl,108088
archive/datasets/m_verified/workspace/crawl_state_relaxed/batchcrawl_20260529T162611Z_round0079_api_filelist_candidates_remote_diff.csv,1673910
archive/datasets/m_verified/workspace/crawl_state_relaxed/batchcrawl_20260529T162611Z_round0079_api_filelist_candidates_remote_diff.jsonl,1719226
archive/datasets/m_verified/workspace/crawl_state_relaxed/batchcrawl_20260529T162611Z_round0079_api_filelist_candidates_repo_status.jsonl,8070
archive/datasets/m_verified/workspace/crawl_state_relaxed/batchcrawl_20260529T162611Z_round0080_api_filelist_candidates.csv,171565
archive/datasets/m_verified/workspace/crawl_state_relaxed/batchcrawl_20260529T162611Z_round0080_api_filelist_candidates.jsonl,196716
archive/datasets/m_verified/workspace/crawl_state_relaxed/batchcrawl_20260529T162611Z_round0080_api_filelist_candidates_remote_diff.csv,3365193
archive/datasets/m_verified/workspace/crawl_state_relaxed/batchcrawl_20260529T162611Z_round0080_api_filelist_candidates_remote_diff.jsonl,3487615
archive/datasets/m_verified/workspace/crawl_state_relaxed/batchcrawl_20260529T162611Z_round0080_api_filelist_candidates_repo_status.jsonl,8031
archive/datasets/m_verified/workspace/crawl_state_relaxed/batchcrawl_20260529T164642Z_repo_discovery.csv,67
archive/datasets/m_verified/workspace/crawl_state_relaxed/batchcrawl_20260529T165502Z_repo_discovery.csv,67
archive/datasets/m_verified/workspace/crawl_state_relaxed/batchcrawl_20260529T170317Z_repo_discovery.csv,27812
archive/datasets/m_verified/workspace/crawl_state_relaxed/batchcrawl_20260529T170317Z_round0081_api_filelist_candidates.csv,97271
archive/datasets/m_verified/workspace/crawl_state_relaxed/batchcrawl_20260529T170317Z_round0081_api_filelist_candidates.jsonl,116462
archive/datasets/m_verified/workspace/crawl_state_relaxed/batchcrawl_20260529T170317Z_round0081_api_filelist_candidates_remote_diff.csv,3437106
archive/datasets/m_verified/workspace/crawl_state_relaxed/batchcrawl_20260529T170317Z_round0081_api_filelist_candidates_remote_diff.jsonl,3947090
archive/datasets/m_verified/workspace/crawl_state_relaxed/batchcrawl_20260529T170317Z_round0081_api_filelist_candidates_repo_status.jsonl,8146
archive/datasets/m_verified/workspace/crawl_state_relaxed/batchcrawl_20260529T170317Z_round0082_api_filelist_candidates.csv,109741
archive/datasets/m_verified/workspace/crawl_state_relaxed/batchcrawl_20260529T170317Z_round0082_api_filelist_candidates.jsonl,128800
archive/datasets/m_verified/workspace/crawl_state_relaxed/batchcrawl_20260529T170317Z_round0082_api_filelist_candidates_remote_diff.csv,1750809
archive/datasets/m_verified/workspace/crawl_state_relaxed/batchcrawl_20260529T170317Z_round0082_api_filelist_candidates_remote_diff.jsonl,1801464
archive/datasets/m_verified/workspace/crawl_state_relaxed/batchcrawl_20260529T170317Z_round0082_api_filelist_candidates_repo_status.jsonl,8114
archive/datasets/m_verified/workspace/crawl_state_relaxed/batchcrawl_20260529T170317Z_round0083_api_filelist_candidates.csv,153040
archive/datasets/m_verified/workspace/crawl_state_relaxed/batchcrawl_20260529T170317Z_round0083_api_filelist_candidates.jsonl,177256
archive/datasets/m_verified/workspace/crawl_state_relaxed/batchcrawl_20260529T170317Z_round0083_api_filelist_candidates_remote_diff.csv,2389065
archive/datasets/m_verified/workspace/crawl_state_relaxed/batchcrawl_20260529T170317Z_round0083_api_filelist_candidates_remote_diff.jsonl,2469911
archive/datasets/m_verified/workspace/crawl_state_relaxed/batchcrawl_20260529T170317Z_round0083_api_filelist_candidates_repo_status.jsonl,8027
archive/datasets/m_verified/workspace/crawl_state_relaxed/batchcrawl_20260529T170317Z_round0084_api_filelist_candidates.csv,113751
archive/datasets/m_verified/workspace/crawl_state_relaxed/batchcrawl_20260529T170317Z_round0084_api_filelist_candidates.jsonl,139524
archive/datasets/m_verified/workspace/crawl_state_relaxed/batchcrawl_20260529T170317Z_round0084_api_filelist_candidates_remote_diff.csv,1561086
archive/datasets/m_verified/workspace/crawl_state_relaxed/batchcrawl_20260529T170317Z_round0084_api_filelist_candidates_remote_diff.jsonl,1637262
archive/datasets/m_verified/workspace/crawl_state_relaxed/batchcrawl_20260529T170317Z_round0084_api_filelist_candidates_repo_status.jsonl,8100
archive/datasets/m_verified/workspace/crawl_state_relaxed/batchcrawl_20260529T172416Z_repo_discovery.csv,67
archive/datasets/m_verified/workspace/crawl_state_relaxed/batchcrawl_20260530T031910Z_repo_discovery.csv,263
archive/datasets/m_verified/workspace/crawl_state_relaxed/batchcrawl_20260530T031910Z_round0085_api_filelist_candidates.csv,4414
archive/datasets/m_verified/workspace/crawl_state_relaxed/batchcrawl_20260530T031910Z_round0085_api_filelist_candidates.jsonl,5413
archive/datasets/m_verified/workspace/crawl_state_relaxed/batchcrawl_20260530T031910Z_round0085_api_filelist_candidates_remote_diff.csv,24158
archive/datasets/m_verified/workspace/crawl_state_relaxed/batchcrawl_20260530T031910Z_round0085_api_filelist_candidates_remote_diff.jsonl,25760
archive/datasets/m_verified/workspace/crawl_state_relaxed/batchcrawl_20260530T031910Z_round0085_api_filelist_candidates_repo_status.jsonl,269
archive/datasets/m_verified/workspace/crawl_state_relaxed/batchcrawl_20260530T032442Z_repo_discovery.csv,67
archive/datasets/m_verified/workspace/crawl_state_relaxed/batchcrawl_20260530T033134Z_repo_discovery.csv,27258
archive/datasets/m_verified/workspace/crawl_state_relaxed/batchcrawl_20260530T033134Z_round0086_api_filelist_candidates.csv,78555
archive/datasets/m_verified/workspace/crawl_state_relaxed/batchcrawl_20260530T033134Z_round0086_api_filelist_candidates.jsonl,92887
archive/datasets/m_verified/workspace/crawl_state_relaxed/batchcrawl_20260530T033134Z_round0086_api_filelist_candidates_remote_diff.csv,3319057
archive/datasets/m_verified/workspace/crawl_state_relaxed/batchcrawl_20260530T033134Z_round0086_api_filelist_candidates_remote_diff.jsonl,3729360
archive/datasets/m_verified/workspace/crawl_state_relaxed/batchcrawl_20260530T033134Z_round0086_api_filelist_candidates_repo_status.jsonl,8066
archive/datasets/m_verified/workspace/crawl_state_relaxed/batchcrawl_20260530T033134Z_round0087_api_filelist_candidates.csv,147862
archive/datasets/m_verified/workspace/crawl_state_relaxed/batchcrawl_20260530T033134Z_round0087_api_filelist_candidates.jsonl,178444
archive/datasets/m_verified/workspace/crawl_state_relaxed/batchcrawl_20260530T033134Z_round0087_api_filelist_candidates_remote_diff.csv,978513
archive/datasets/m_verified/workspace/crawl_state_relaxed/batchcrawl_20260530T033134Z_round0087_api_filelist_candidates_remote_diff.jsonl,1041466
archive/datasets/m_verified/workspace/crawl_state_relaxed/batchcrawl_20260530T033134Z_round0087_api_filelist_candidates_repo_status.jsonl,16438
archive/datasets/m_verified/workspace/crawl_state_relaxed/batchcrawl_20260530T033134Z_round0088_api_filelist_candidates.csv,202522
archive/datasets/m_verified/workspace/crawl_state_relaxed/batchcrawl_20260530T033134Z_round0088_api_filelist_candidates.jsonl,240814
archive/datasets/m_verified/workspace/crawl_state_relaxed/batchcrawl_20260530T033134Z_round0088_api_filelist_candidates_remote_diff.csv,2848654
archive/datasets/m_verified/workspace/crawl_state_relaxed/batchcrawl_20260530T033134Z_round0088_api_filelist_candidates_remote_diff.jsonl,2939580
archive/datasets/m_verified/workspace/crawl_state_relaxed/batchcrawl_20260530T033134Z_round0088_api_filelist_candidates_repo_status.jsonl,16154
archive/datasets/m_verified/workspace/crawl_state_relaxed/batchcrawl_20260530T033134Z_round0089_api_filelist_candidates.csv,335154
archive/datasets/m_verified/workspace/crawl_state_relaxed/batchcrawl_20260530T033134Z_round0089_api_filelist_candidates.jsonl,382570
archive/datasets/m_verified/workspace/crawl_state_relaxed/batchcrawl_20260530T033134Z_round0089_api_filelist_candidates_remote_diff.csv,5810952
archive/datasets/m_verified/workspace/crawl_state_relaxed/batchcrawl_20260530T033134Z_round0089_api_filelist_candidates_remote_diff.jsonl,5978248
archive/datasets/m_verified/workspace/crawl_state_relaxed/batchcrawl_20260530T033134Z_round0089_api_filelist_candidates_repo_status.jsonl,16218
archive/datasets/m_verified/workspace/crawl_state_relaxed/batchcrawl_20260530T033239Z_repo_discovery.csv,67
archive/datasets/m_verified/workspace/crawl_state_relaxed/batchcrawl_20260530T035125Z_repo_discovery.csv,67
archive/datasets/m_verified/workspace/crawl_state_relaxed/batchcrawl_20260530T035221Z_repo_discovery.csv,67
archive/datasets/m_verified/workspace/crawl_state_relaxed/batchcrawl_20260530T035947Z_repo_discovery.csv,67
archive/datasets/m_verified/workspace/crawl_state_relaxed/batchcrawl_20260530T040117Z_repo_discovery.csv,67
archive/datasets/m_verified/workspace/crawl_state_relaxed/batchcrawl_20260530T040748Z_repo_discovery.csv,26732
archive/datasets/m_verified/workspace/crawl_state_relaxed/batchcrawl_20260530T040748Z_round0090_api_filelist_candidates.csv,147518
archive/datasets/m_verified/workspace/crawl_state_relaxed/batchcrawl_20260530T040748Z_round0090_api_filelist_candidates.jsonl,166408
archive/datasets/m_verified/workspace/crawl_state_relaxed/batchcrawl_20260530T040748Z_round0090_api_filelist_candidates_remote_diff.csv,1497664
archive/datasets/m_verified/workspace/crawl_state_relaxed/batchcrawl_20260530T040748Z_round0090_api_filelist_candidates_remote_diff.jsonl,1560572
archive/datasets/m_verified/workspace/crawl_state_relaxed/batchcrawl_20260530T040748Z_round0090_api_filelist_candidates_repo_status.jsonl,8195
archive/datasets/m_verified/workspace/crawl_state_relaxed/batchcrawl_20260530T040748Z_round0091_api_filelist_candidates.csv,136026
archive/datasets/m_verified/workspace/crawl_state_relaxed/batchcrawl_20260530T040748Z_round0091_api_filelist_candidates.jsonl,155741
archive/datasets/m_verified/workspace/crawl_state_relaxed/batchcrawl_20260530T040748Z_round0091_api_filelist_candidates_remote_diff.csv,1815736
archive/datasets/m_verified/workspace/crawl_state_relaxed/batchcrawl_20260530T040748Z_round0091_api_filelist_candidates_remote_diff.jsonl,1880854
archive/datasets/m_verified/workspace/crawl_state_relaxed/batchcrawl_20260530T040748Z_round0091_api_filelist_candidates_repo_status.jsonl,8104
archive/datasets/m_verified/workspace/crawl_state_relaxed/batchcrawl_20260530T040748Z_round0092_api_filelist_candidates.csv,136869
archive/datasets/m_verified/workspace/crawl_state_relaxed/batchcrawl_20260530T040748Z_round0092_api_filelist_candidates.jsonl,156800
archive/datasets/m_verified/workspace/crawl_state_relaxed/batchcrawl_20260530T040748Z_round0092_api_filelist_candidates_remote_diff.csv,4441197
archive/datasets/m_verified/workspace/crawl_state_relaxed/batchcrawl_20260530T040748Z_round0092_api_filelist_candidates_remote_diff.jsonl,4526575
archive/datasets/m_verified/workspace/crawl_state_relaxed/batchcrawl_20260530T040748Z_round0092_api_filelist_candidates_repo_status.jsonl,8240
archive/datasets/m_verified/workspace/crawl_state_relaxed/batchcrawl_20260530T040748Z_round0093_api_filelist_candidates.csv,143449
archive/datasets/m_verified/workspace/crawl_state_relaxed/batchcrawl_20260530T040748Z_round0093_api_filelist_candidates.jsonl,166205
archive/datasets/m_verified/workspace/crawl_state_relaxed/batchcrawl_20260530T040748Z_round0093_api_filelist_candidates_remote_diff.csv,1472427
archive/datasets/m_verified/workspace/crawl_state_relaxed/batchcrawl_20260530T040748Z_round0093_api_filelist_candidates_remote_diff.jsonl,1532936
archive/datasets/m_verified/workspace/crawl_state_relaxed/batchcrawl_20260530T040748Z_round0093_api_filelist_candidates_repo_status.jsonl,8100
archive/datasets/m_verified/workspace/crawl_state_relaxed/batchcrawl_20260530T040941Z_repo_discovery.csv,25864
archive/datasets/m_verified/workspace/crawl_state_relaxed/batchcrawl_20260530T040941Z_round0090_api_filelist_candidates.csv,150961
archive/datasets/m_verified/workspace/crawl_state_relaxed/batchcrawl_20260530T040941Z_round0090_api_filelist_candidates.jsonl,171982
archive/datasets/m_verified/workspace/crawl_state_relaxed/batchcrawl_20260530T040941Z_round0090_api_filelist_candidates_remote_diff.csv,1525326
archive/datasets/m_verified/workspace/crawl_state_relaxed/batchcrawl_20260530T040941Z_round0090_api_filelist_candidates_remote_diff.jsonl,1591196
archive/datasets/m_verified/workspace/crawl_state_relaxed/batchcrawl_20260530T040941Z_round0090_api_filelist_candidates_repo_status.jsonl,8101
archive/datasets/m_verified/workspace/crawl_state_relaxed/batchcrawl_20260530T040941Z_round0091_api_filelist_candidates.csv,78278
archive/datasets/m_verified/workspace/crawl_state_relaxed/batchcrawl_20260530T040941Z_round0091_api_filelist_candidates.jsonl,95785
archive/datasets/m_verified/workspace/crawl_state_relaxed/batchcrawl_20260530T040941Z_round0091_api_filelist_candidates_remote_diff.csv,623831
archive/datasets/m_verified/workspace/crawl_state_relaxed/batchcrawl_20260530T040941Z_round0091_api_filelist_candidates_remote_diff.jsonl,658034
archive/datasets/m_verified/workspace/crawl_state_relaxed/batchcrawl_20260530T040941Z_round0091_api_filelist_candidates_repo_status.jsonl,8090
archive/datasets/m_verified/workspace/crawl_state_relaxed/batchcrawl_20260530T040941Z_round0092_api_filelist_candidates.csv,173914
archive/datasets/m_verified/workspace/crawl_state_relaxed/batchcrawl_20260530T040941Z_round0092_api_filelist_candidates.jsonl,197756
archive/datasets/m_verified/workspace/crawl_state_relaxed/batchcrawl_20260530T040941Z_round0092_api_filelist_candidates_remote_diff.csv,3711361
archive/datasets/m_verified/workspace/crawl_state_relaxed/batchcrawl_20260530T040941Z_round0092_api_filelist_candidates_remote_diff.jsonl,3790897
archive/datasets/m_verified/workspace/crawl_state_relaxed/batchcrawl_20260530T040941Z_round0092_api_filelist_candidates_repo_status.jsonl,8183
archive/datasets/m_verified/workspace/crawl_state_relaxed/batchcrawl_20260530T040941Z_round0093_api_filelist_candidates.csv,81190
archive/datasets/m_verified/workspace/crawl_state_relaxed/batchcrawl_20260530T040941Z_round0093_api_filelist_candidates.jsonl,96025
archive/datasets/m_verified/workspace/crawl_state_relaxed/batchcrawl_20260530T040941Z_round0093_api_filelist_candidates_remote_diff.csv,2275230
archive/datasets/m_verified/workspace/crawl_state_relaxed/batchcrawl_20260530T040941Z_round0093_api_filelist_candidates_remote_diff.jsonl,2335691
archive/datasets/m_verified/workspace/crawl_state_relaxed/batchcrawl_20260530T040941Z_round0093_api_filelist_candidates_repo_status.jsonl,8095
archive/datasets/m_verified/workspace/crawl_state_relaxed/batchcrawl_20260530T042753Z_repo_discovery.csv,67
archive/datasets/m_verified/workspace/crawl_state_relaxed/batchcrawl_20260530T042846Z_repo_discovery.csv,67
archive/datasets/m_verified/workspace/crawl_state_relaxed/batchcrawl_20260530T051659Z_repo_discovery.csv,67
archive/datasets/m_verified/workspace/crawl_state_relaxed/batchcrawl_20260530T051732Z_repo_discovery.csv,67
archive/datasets/m_verified/workspace/crawl_state_relaxed/batchcrawl_20260530T052456Z_repo_discovery.csv,27962
archive/datasets/m_verified/workspace/crawl_state_relaxed/batchcrawl_20260530T052456Z_round0094_api_filelist_candidates.csv,147247
archive/datasets/m_verified/workspace/crawl_state_relaxed/batchcrawl_20260530T052456Z_round0094_api_filelist_candidates.jsonl,172858
archive/datasets/m_verified/workspace/crawl_state_relaxed/batchcrawl_20260530T052456Z_round0094_api_filelist_candidates_remote_diff.csv,1402450
archive/datasets/m_verified/workspace/crawl_state_relaxed/batchcrawl_20260530T052456Z_round0094_api_filelist_candidates_remote_diff.jsonl,1476971
archive/datasets/m_verified/workspace/crawl_state_relaxed/batchcrawl_20260530T052456Z_round0094_api_filelist_candidates_repo_status.jsonl,8076
archive/datasets/m_verified/workspace/crawl_state_relaxed/batchcrawl_20260530T052456Z_round0095_api_filelist_candidates.csv,87687
archive/datasets/m_verified/workspace/crawl_state_relaxed/batchcrawl_20260530T052456Z_round0095_api_filelist_candidates.jsonl,97348
archive/datasets/m_verified/workspace/crawl_state_relaxed/batchcrawl_20260530T052456Z_round0095_api_filelist_candidates_remote_diff.csv,912052
archive/datasets/m_verified/workspace/crawl_state_relaxed/batchcrawl_20260530T052456Z_round0095_api_filelist_candidates_remote_diff.jsonl,942816
archive/datasets/m_verified/workspace/crawl_state_relaxed/batchcrawl_20260530T052456Z_round0095_api_filelist_candidates_repo_status.jsonl,8102
archive/datasets/m_verified/workspace/crawl_state_relaxed/batchcrawl_20260530T052456Z_round0096_api_filelist_candidates.csv,167424
archive/datasets/m_verified/workspace/crawl_state_relaxed/batchcrawl_20260530T052456Z_round0096_api_filelist_candidates.jsonl,194927
archive/datasets/m_verified/workspace/crawl_state_relaxed/batchcrawl_20260530T052456Z_round0096_api_filelist_candidates_remote_diff.csv,2031514
archive/datasets/m_verified/workspace/crawl_state_relaxed/batchcrawl_20260530T052456Z_round0096_api_filelist_candidates_remote_diff.jsonl,2116285
archive/datasets/m_verified/workspace/crawl_state_relaxed/batchcrawl_20260530T052456Z_round0096_api_filelist_candidates_repo_status.jsonl,8102
archive/datasets/m_verified/workspace/crawl_state_relaxed/batchcrawl_20260530T052456Z_round0097_api_filelist_candidates.csv,168207
archive/datasets/m_verified/workspace/crawl_state_relaxed/batchcrawl_20260530T052456Z_round0097_api_filelist_candidates.jsonl,193278
archive/datasets/m_verified/workspace/crawl_state_relaxed/batchcrawl_20260530T052456Z_round0097_api_filelist_candidates_remote_diff.csv,1926526
archive/datasets/m_verified/workspace/crawl_state_relaxed/batchcrawl_20260530T052456Z_round0097_api_filelist_candidates_remote_diff.jsonl,2005130
archive/datasets/m_verified/workspace/crawl_state_relaxed/batchcrawl_20260530T052456Z_round0097_api_filelist_candidates_repo_status.jsonl,8102
archive/datasets/m_verified/workspace/crawl_state_relaxed/batchcrawl_20260530T061448Z_repo_discovery.csv,27286
archive/datasets/m_verified/workspace/crawl_state_relaxed/batchcrawl_20260530T061448Z_round0098_api_filelist_candidates.csv,169408
archive/datasets/m_verified/workspace/crawl_state_relaxed/batchcrawl_20260530T061448Z_round0098_api_filelist_candidates.jsonl,193994
archive/datasets/m_verified/workspace/crawl_state_relaxed/batchcrawl_20260530T061448Z_round0098_api_filelist_candidates_remote_diff.csv,2851549
archive/datasets/m_verified/workspace/crawl_state_relaxed/batchcrawl_20260530T061448Z_round0098_api_filelist_candidates_remote_diff.jsonl,2934462
archive/datasets/m_verified/workspace/crawl_state_relaxed/batchcrawl_20260530T061448Z_round0098_api_filelist_candidates_repo_status.jsonl,8066
archive/datasets/m_verified/workspace/crawl_state_relaxed/batchcrawl_20260530T061448Z_round0099_api_filelist_candidates.csv,147889
archive/datasets/m_verified/workspace/crawl_state_relaxed/batchcrawl_20260530T061448Z_round0099_api_filelist_candidates.jsonl,174792
archive/datasets/m_verified/workspace/crawl_state_relaxed/batchcrawl_20260530T061448Z_round0099_api_filelist_candidates_remote_diff.csv,3266728
archive/datasets/m_verified/workspace/crawl_state_relaxed/batchcrawl_20260530T061448Z_round0099_api_filelist_candidates_remote_diff.jsonl,3391593
archive/datasets/m_verified/workspace/crawl_state_relaxed/batchcrawl_20260530T061448Z_round0099_api_filelist_candidates_repo_status.jsonl,8033
archive/datasets/m_verified/workspace/crawl_state_relaxed/batchcrawl_20260530T061448Z_round0100_api_filelist_candidates.csv,228717
archive/datasets/m_verified/workspace/crawl_state_relaxed/batchcrawl_20260530T061448Z_round0100_api_filelist_candidates.jsonl,254813
archive/datasets/m_verified/workspace/crawl_state_relaxed/batchcrawl_20260530T061448Z_round0100_api_filelist_candidates_remote_diff.csv,4484944
archive/datasets/m_verified/workspace/crawl_state_relaxed/batchcrawl_20260530T061448Z_round0100_api_filelist_candidates_remote_diff.jsonl,4668438
archive/datasets/m_verified/workspace/crawl_state_relaxed/batchcrawl_20260530T061448Z_round0100_api_filelist_candidates_repo_status.jsonl,8069
archive/datasets/m_verified/workspace/crawl_state_relaxed/batchcrawl_20260530T061448Z_round0101_api_filelist_candidates.csv,163239
archive/datasets/m_verified/workspace/crawl_state_relaxed/batchcrawl_20260530T061448Z_round0101_api_filelist_candidates.jsonl,193255
archive/datasets/m_verified/workspace/crawl_state_relaxed/batchcrawl_20260530T061448Z_round0101_api_filelist_candidates_remote_diff.csv,4022596
archive/datasets/m_verified/workspace/crawl_state_relaxed/batchcrawl_20260530T061448Z_round0101_api_filelist_candidates_remote_diff.jsonl,4198344
archive/datasets/m_verified/workspace/crawl_state_relaxed/batchcrawl_20260530T061448Z_round0101_api_filelist_candidates_repo_status.jsonl,8057
archive/datasets/m_verified/workspace/crawl_state_relaxed/batchcrawl_20260530T063925Z_repo_discovery.csv,67
archive/datasets/m_verified/workspace/crawl_state_relaxed/batchcrawl_20260530T064708Z_repo_discovery.csv,67
archive/datasets/m_verified/workspace/crawl_state_relaxed/batchcrawl_20260530T065452Z_repo_discovery.csv,27755
archive/datasets/m_verified/workspace/crawl_state_relaxed/batchcrawl_20260530T065452Z_round0102_api_filelist_candidates.csv,94769
archive/datasets/m_verified/workspace/crawl_state_relaxed/batchcrawl_20260530T065452Z_round0102_api_filelist_candidates.jsonl,112711
archive/datasets/m_verified/workspace/crawl_state_relaxed/batchcrawl_20260530T065452Z_round0102_api_filelist_candidates_remote_diff.csv,1174342
archive/datasets/m_verified/workspace/crawl_state_relaxed/batchcrawl_20260530T065452Z_round0102_api_filelist_candidates_remote_diff.jsonl,1237150
archive/datasets/m_verified/workspace/crawl_state_relaxed/batchcrawl_20260530T065452Z_round0102_api_filelist_candidates_repo_status.jsonl,8209
archive/datasets/m_verified/workspace/crawl_state_relaxed/batchcrawl_20260530T065452Z_round0103_api_filelist_candidates.csv,97380
archive/datasets/m_verified/workspace/crawl_state_relaxed/batchcrawl_20260530T065452Z_round0103_api_filelist_candidates.jsonl,116578
archive/datasets/m_verified/workspace/crawl_state_relaxed/batchcrawl_20260530T065452Z_round0103_api_filelist_candidates_remote_diff.csv,1134332
archive/datasets/m_verified/workspace/crawl_state_relaxed/batchcrawl_20260530T065452Z_round0103_api_filelist_candidates_remote_diff.jsonl,1181801
archive/datasets/m_verified/workspace/crawl_state_relaxed/batchcrawl_20260530T065452Z_round0103_api_filelist_candidates_repo_status.jsonl,8095
archive/datasets/m_verified/workspace/crawl_state_relaxed/batchcrawl_20260530T065452Z_round0104_api_filelist_candidates.csv,194348
archive/datasets/m_verified/workspace/crawl_state_relaxed/batchcrawl_20260530T065452Z_round0104_api_filelist_candidates.jsonl,221554
archive/datasets/m_verified/workspace/crawl_state_relaxed/batchcrawl_20260530T065452Z_round0104_api_filelist_candidates_remote_diff.csv,1990684
archive/datasets/m_verified/workspace/crawl_state_relaxed/batchcrawl_20260530T065452Z_round0104_api_filelist_candidates_remote_diff.jsonl,2064067
archive/datasets/m_verified/workspace/crawl_state_relaxed/batchcrawl_20260530T065452Z_round0104_api_filelist_candidates_repo_status.jsonl,8052
archive/datasets/m_verified/workspace/crawl_state_relaxed/batchcrawl_20260530T065452Z_round0105_api_filelist_candidates.csv,136754
archive/datasets/m_verified/workspace/crawl_state_relaxed/batchcrawl_20260530T065452Z_round0105_api_filelist_candidates.jsonl,163628
archive/datasets/m_verified/workspace/crawl_state_relaxed/batchcrawl_20260530T065452Z_round0105_api_filelist_candidates_remote_diff.csv,1624690
archive/datasets/m_verified/workspace/crawl_state_relaxed/batchcrawl_20260530T065452Z_round0105_api_filelist_candidates_remote_diff.jsonl,1690289
archive/datasets/m_verified/workspace/crawl_state_relaxed/batchcrawl_20260530T065452Z_round0105_api_filelist_candidates_repo_status.jsonl,8096
archive/datasets/m_verified/workspace/crawl_state_relaxed/batchcrawl_20260530T071408Z_repo_discovery.csv,67
archive/datasets/m_verified/workspace/crawl_state_relaxed/batchcrawl_20260530T072205Z_repo_discovery.csv,67
archive/datasets/m_verified/workspace/crawl_state_relaxed/batchcrawl_20260530T072947Z_repo_discovery.csv,26937
archive/datasets/m_verified/workspace/crawl_state_relaxed/batchcrawl_20260530T072947Z_round0106_api_filelist_candidates.csv,98178
archive/datasets/m_verified/workspace/crawl_state_relaxed/batchcrawl_20260530T072947Z_round0106_api_filelist_candidates.jsonl,119258
archive/datasets/m_verified/workspace/crawl_state_relaxed/batchcrawl_20260530T072947Z_round0106_api_filelist_candidates_remote_diff.csv,2673319
archive/datasets/m_verified/workspace/crawl_state_relaxed/batchcrawl_20260530T072947Z_round0106_api_filelist_candidates_remote_diff.jsonl,2761592
archive/datasets/m_verified/workspace/crawl_state_relaxed/batchcrawl_20260530T072947Z_round0106_api_filelist_candidates_repo_status.jsonl,8108
archive/datasets/m_verified/workspace/crawl_state_relaxed/batchcrawl_20260530T072947Z_round0107_api_filelist_candidates.csv,102151
archive/datasets/m_verified/workspace/crawl_state_relaxed/batchcrawl_20260530T072947Z_round0107_api_filelist_candidates.jsonl,120538
archive/datasets/m_verified/workspace/crawl_state_relaxed/batchcrawl_20260530T072947Z_round0107_api_filelist_candidates_remote_diff.csv,5083844
archive/datasets/m_verified/workspace/crawl_state_relaxed/batchcrawl_20260530T072947Z_round0107_api_filelist_candidates_remote_diff.jsonl,5166059
archive/datasets/m_verified/workspace/crawl_state_relaxed/batchcrawl_20260530T072947Z_round0107_api_filelist_candidates_repo_status.jsonl,8123
archive/datasets/m_verified/workspace/crawl_state_relaxed/batchcrawl_20260530T072947Z_round0108_api_filelist_candidates.csv,125350
archive/datasets/m_verified/workspace/crawl_state_relaxed/batchcrawl_20260530T072947Z_round0108_api_filelist_candidates.jsonl,145954
archive/datasets/m_verified/workspace/crawl_state_relaxed/batchcrawl_20260530T072947Z_round0108_api_filelist_candidates_remote_diff.csv,1877196
archive/datasets/m_verified/workspace/crawl_state_relaxed/batchcrawl_20260530T072947Z_round0108_api_filelist_candidates_remote_diff.jsonl,1953024
archive/datasets/m_verified/workspace/crawl_state_relaxed/batchcrawl_20260530T072947Z_round0108_api_filelist_candidates_repo_status.jsonl,8041
archive/datasets/m_verified/workspace/crawl_state_relaxed/batchcrawl_20260530T072947Z_round0109_api_filelist_candidates.csv,98018
archive/datasets/m_verified/workspace/crawl_state_relaxed/batchcrawl_20260530T072947Z_round0109_api_filelist_candidates.jsonl,117895
archive/datasets/m_verified/workspace/crawl_state_relaxed/batchcrawl_20260530T072947Z_round0109_api_filelist_candidates_remote_diff.csv,1451544
archive/datasets/m_verified/workspace/crawl_state_relaxed/batchcrawl_20260530T072947Z_round0109_api_filelist_candidates_remote_diff.jsonl,1504090
archive/datasets/m_verified/workspace/crawl_state_relaxed/batchcrawl_20260530T072947Z_round0109_api_filelist_candidates_repo_status.jsonl,8162
archive/datasets/m_verified/workspace/crawl_state_relaxed/batchcrawl_20260530T075711Z_repo_discovery.csv,67
archive/datasets/m_verified/workspace/crawl_state_relaxed/batchcrawl_20260530T080453Z_repo_discovery.csv,67
archive/datasets/m_verified/workspace/crawl_state_relaxed/batchcrawl_20260530T112249Z_repo_discovery.csv,15123
archive/datasets/m_verified/workspace/crawl_state_relaxed/batchcrawl_20260530T112249Z_round0110_api_filelist_candidates.csv,209955
archive/datasets/m_verified/workspace/crawl_state_relaxed/batchcrawl_20260530T112249Z_round0110_api_filelist_candidates.jsonl,235697
archive/datasets/m_verified/workspace/crawl_state_relaxed/batchcrawl_20260530T112249Z_round0110_api_filelist_candidates_remote_diff.csv,1834375
archive/datasets/m_verified/workspace/crawl_state_relaxed/batchcrawl_20260530T112249Z_round0110_api_filelist_candidates_remote_diff.jsonl,1900691
archive/datasets/m_verified/workspace/crawl_state_relaxed/batchcrawl_20260530T112249Z_round0110_api_filelist_candidates_repo_status.jsonl,8069
archive/datasets/m_verified/workspace/crawl_state_relaxed/batchcrawl_20260530T112249Z_round0111_api_filelist_candidates.csv,170315
archive/datasets/m_verified/workspace/crawl_state_relaxed/batchcrawl_20260530T112249Z_round0111_api_filelist_candidates.jsonl,200728
archive/datasets/m_verified/workspace/crawl_state_relaxed/batchcrawl_20260530T112249Z_round0111_api_filelist_candidates_remote_diff.csv,1610167
archive/datasets/m_verified/workspace/crawl_state_relaxed/batchcrawl_20260530T112249Z_round0111_api_filelist_candidates_remote_diff.jsonl,1698215
archive/datasets/m_verified/workspace/crawl_state_relaxed/batchcrawl_20260530T112249Z_round0111_api_filelist_candidates_repo_status.jsonl,8039
archive/datasets/m_verified/workspace/crawl_state_relaxed/batchcrawl_20260530T112249Z_round0112_api_filelist_candidates.csv,38287
archive/datasets/m_verified/workspace/crawl_state_relaxed/batchcrawl_20260530T112249Z_round0112_api_filelist_candidates.jsonl,43388
archive/datasets/m_verified/workspace/crawl_state_relaxed/batchcrawl_20260530T112249Z_round0112_api_filelist_candidates_remote_diff.csv,537684
archive/datasets/m_verified/workspace/crawl_state_relaxed/batchcrawl_20260530T112249Z_round0112_api_filelist_candidates_remote_diff.jsonl,565186
archive/datasets/m_verified/workspace/crawl_state_relaxed/batchcrawl_20260530T112249Z_round0112_api_filelist_candidates_repo_status.jsonl,1898
archive/datasets/m_verified/workspace/crawl_state_relaxed/batchcrawl_20260530T113439Z_repo_discovery.csv,67
archive/datasets/m_verified/workspace/crawl_state_relaxed/batchcrawl_20260530T114143Z_repo_discovery.csv,67
archive/datasets/m_verified/workspace/crawl_state_relaxed/batchcrawl_20260530T114845Z_repo_discovery.csv,67
archive/datasets/m_verified/workspace/crawl_state_relaxed/batchcrawl_20260530T115734Z_repo_discovery.csv,67
archive/datasets/m_verified/workspace/crawl_state_relaxed/batchcrawl_20260530T120614Z_repo_discovery.csv,67
archive/datasets/m_verified/workspace/crawl_state_relaxed/batchcrawl_20260530T121503Z_repo_discovery.csv,67
archive/datasets/m_verified/workspace/crawl_state_relaxed/batchcrawl_20260530T122343Z_repo_discovery.csv,67
archive/datasets/m_verified/workspace/crawl_state_relaxed/batchcrawl_20260530T125255Z_repo_discovery.csv,67
archive/datasets/m_verified/workspace/crawl_state_relaxed/batchcrawl_20260530T130154Z_repo_discovery.csv,67
archive/datasets/m_verified/workspace/crawl_state_relaxed/batchcrawl_20260530T131033Z_repo_discovery.csv,67
archive/datasets/m_verified/workspace/crawl_state_relaxed/batchcrawl_20260530T131924Z_repo_discovery.csv,67
archive/datasets/m_verified/workspace/crawl_state_relaxed/batchcrawl_20260530T132810Z_repo_discovery.csv,67
archive/datasets/m_verified/workspace/crawl_state_relaxed/batchcrawl_20260530T133651Z_repo_discovery.csv,67
archive/datasets/m_verified/workspace/crawl_state_relaxed/batchcrawl_20260530T134528Z_repo_discovery.csv,67
archive/datasets/m_verified/workspace/crawl_state_relaxed/batchcrawl_20260530T135405Z_repo_discovery.csv,67
archive/datasets/m_verified/workspace/crawl_state_relaxed/batchcrawl_20260530T140242Z_repo_discovery.csv,67
archive/datasets/m_verified/workspace/crawl_state_relaxed/batchcrawl_20260530T141123Z_repo_discovery.csv,67
archive/datasets/m_verified/workspace/crawl_state_relaxed/batchcrawl_20260530T142012Z_repo_discovery.csv,67
archive/datasets/m_verified/workspace/crawl_state_relaxed/batchcrawl_20260530T142849Z_repo_discovery.csv,67
archive/datasets/m_verified/workspace/crawl_state_relaxed/batchcrawl_20260530T143724Z_repo_discovery.csv,67
archive/datasets/m_verified/workspace/crawl_state_relaxed/batchcrawl_20260530T145902Z_repo_discovery.csv,67
archive/datasets/m_verified/workspace/crawl_state_relaxed/batchcrawl_20260530T150756Z_repo_discovery.csv,67
archive/datasets/m_verified/workspace/crawl_state_relaxed/batchcrawl_20260530T155626Z_repo_discovery.csv,703
archive/datasets/m_verified/workspace/crawl_state_relaxed/batchcrawl_20260530T155626Z_round0001_api_filelist_candidates.csv,13183
archive/datasets/m_verified/workspace/crawl_state_relaxed/batchcrawl_20260530T155626Z_round0001_api_filelist_candidates.jsonl,15560
archive/datasets/m_verified/workspace/crawl_state_relaxed/batchcrawl_20260530T155626Z_round0001_api_filelist_candidates_remote_diff.csv,340104
archive/datasets/m_verified/workspace/crawl_state_relaxed/batchcrawl_20260530T155626Z_round0001_api_filelist_candidates_remote_diff.jsonl,350874
archive/datasets/m_verified/workspace/crawl_state_relaxed/batchcrawl_20260530T155626Z_round0001_api_filelist_candidates_repo_status.jsonl,546
archive/datasets/m_verified/workspace/crawl_state_relaxed/batchcrawl_20260530T155659Z_repo_discovery.csv,67
archive/datasets/m_verified/workspace/crawl_state_relaxed/batchcrawl_20260530T160513Z_repo_discovery.csv,28779
archive/datasets/m_verified/workspace/crawl_state_relaxed/batchcrawl_20260530T160513Z_round0113_api_filelist_candidates.csv,160502
archive/datasets/m_verified/workspace/crawl_state_relaxed/batchcrawl_20260530T160513Z_round0113_api_filelist_candidates.jsonl,187848
archive/datasets/m_verified/workspace/crawl_state_relaxed/batchcrawl_20260530T160513Z_round0113_api_filelist_candidates_remote_diff.csv,9467075
archive/datasets/m_verified/workspace/crawl_state_relaxed/batchcrawl_20260530T160513Z_round0113_api_filelist_candidates_remote_diff.jsonl,9598703
archive/datasets/m_verified/workspace/crawl_state_relaxed/batchcrawl_20260530T160513Z_round0113_api_filelist_candidates_repo_status.jsonl,8070
archive/datasets/m_verified/workspace/crawl_state_relaxed/batchcrawl_20260530T160513Z_round0114_api_filelist_candidates.csv,90402
archive/datasets/m_verified/workspace/crawl_state_relaxed/batchcrawl_20260530T160513Z_round0114_api_filelist_candidates.jsonl,112982
archive/datasets/m_verified/workspace/crawl_state_relaxed/batchcrawl_20260530T160513Z_round0114_api_filelist_candidates_remote_diff.csv,971780
archive/datasets/m_verified/workspace/crawl_state_relaxed/batchcrawl_20260530T160513Z_round0114_api_filelist_candidates_remote_diff.jsonl,1025844
archive/datasets/m_verified/workspace/crawl_state_relaxed/batchcrawl_20260530T160513Z_round0114_api_filelist_candidates_repo_status.jsonl,8071
archive/datasets/m_verified/workspace/crawl_state_relaxed/batchcrawl_20260530T160513Z_round0115_api_filelist_candidates.csv,119300
archive/datasets/m_verified/workspace/crawl_state_relaxed/batchcrawl_20260530T160513Z_round0115_api_filelist_candidates.jsonl,142097
archive/datasets/m_verified/workspace/crawl_state_relaxed/batchcrawl_20260530T160513Z_round0115_api_filelist_candidates_remote_diff.csv,1867979
archive/datasets/m_verified/workspace/crawl_state_relaxed/batchcrawl_20260530T160513Z_round0115_api_filelist_candidates_remote_diff.jsonl,1938571
archive/datasets/m_verified/workspace/crawl_state_relaxed/batchcrawl_20260530T160513Z_round0115_api_filelist_candidates_repo_status.jsonl,8102
archive/datasets/m_verified/workspace/crawl_state_relaxed/batchcrawl_20260530T160513Z_round0116_api_filelist_candidates.csv,182003
archive/datasets/m_verified/workspace/crawl_state_relaxed/batchcrawl_20260530T160513Z_round0116_api_filelist_candidates.jsonl,207581
archive/datasets/m_verified/workspace/crawl_state_relaxed/batchcrawl_20260530T160513Z_round0116_api_filelist_candidates_remote_diff.csv,13901263
archive/datasets/m_verified/workspace/crawl_state_relaxed/batchcrawl_20260530T160513Z_round0116_api_filelist_candidates_remote_diff.jsonl,13993995
archive/datasets/m_verified/workspace/crawl_state_relaxed/batchcrawl_20260530T160513Z_round0116_api_filelist_candidates_repo_status.jsonl,8101
archive/datasets/m_verified/workspace/crawl_state_relaxed/batchcrawl_20260531T112341Z_repo_discovery.csv,274
archive/datasets/m_verified/workspace/crawl_state_relaxed/batchcrawl_20260531T112341Z_round0117_api_filelist_candidates.csv,2152
archive/datasets/m_verified/workspace/crawl_state_relaxed/batchcrawl_20260531T112341Z_round0117_api_filelist_candidates.jsonl,2710
archive/datasets/m_verified/workspace/crawl_state_relaxed/batchcrawl_20260531T112341Z_round0117_api_filelist_candidates_remote_diff.csv,5707
archive/datasets/m_verified/workspace/crawl_state_relaxed/batchcrawl_20260531T112341Z_round0117_api_filelist_candidates_remote_diff.jsonl,6367
archive/datasets/m_verified/workspace/crawl_state_relaxed/batchcrawl_20260531T112341Z_round0117_api_filelist_candidates_repo_status.jsonl,267
archive/datasets/m_verified/workspace/crawl_state_relaxed/batchcrawl_20260602T141135Z_repo_discovery.csv,26600
archive/datasets/m_verified/workspace/crawl_state_relaxed/batchcrawl_20260602T141135Z_round0118_api_filelist_candidates.csv,178121
archive/datasets/m_verified/workspace/crawl_state_relaxed/batchcrawl_20260602T141135Z_round0118_api_filelist_candidates.jsonl,204941
archive/datasets/m_verified/workspace/crawl_state_relaxed/batchcrawl_20260602T141135Z_round0118_api_filelist_candidates_remote_diff.csv,5759055
archive/datasets/m_verified/workspace/crawl_state_relaxed/batchcrawl_20260602T141135Z_round0118_api_filelist_candidates_remote_diff.jsonl,5923016
archive/datasets/m_verified/workspace/crawl_state_relaxed/batchcrawl_20260602T141135Z_round0118_api_filelist_candidates_repo_status.jsonl,8089
archive/datasets/m_verified/workspace/crawl_state_relaxed/batchcrawl_20260602T141135Z_round0119_api_filelist_candidates.csv,138831
archive/datasets/m_verified/workspace/crawl_state_relaxed/batchcrawl_20260602T141135Z_round0119_api_filelist_candidates.jsonl,165205
archive/datasets/m_verified/workspace/crawl_state_relaxed/batchcrawl_20260602T141135Z_round0119_api_filelist_candidates_remote_diff.csv,4105429
archive/datasets/m_verified/workspace/crawl_state_relaxed/batchcrawl_20260602T141135Z_round0119_api_filelist_candidates_remote_diff.jsonl,4220576
archive/datasets/m_verified/workspace/crawl_state_relaxed/batchcrawl_20260602T141135Z_round0119_api_filelist_candidates_repo_status.jsonl,8144
archive/datasets/m_verified/workspace/crawl_state_relaxed/batchcrawl_20260602T141135Z_round0120_api_filelist_candidates.csv,209247
archive/datasets/m_verified/workspace/crawl_state_relaxed/batchcrawl_20260602T141135Z_round0120_api_filelist_candidates.jsonl,231854
archive/datasets/m_verified/workspace/crawl_state_relaxed/batchcrawl_20260602T141135Z_round0120_api_filelist_candidates_remote_diff.csv,2780205
archive/datasets/m_verified/workspace/crawl_state_relaxed/batchcrawl_20260602T141135Z_round0120_api_filelist_candidates_remote_diff.jsonl,2865253
archive/datasets/m_verified/workspace/crawl_state_relaxed/batchcrawl_20260602T141135Z_round0120_api_filelist_candidates_repo_status.jsonl,8134
archive/datasets/m_verified/workspace/crawl_state_relaxed/batchcrawl_20260602T141135Z_round0121_api_filelist_candidates.csv,107040
archive/datasets/m_verified/workspace/crawl_state_relaxed/batchcrawl_20260602T141135Z_round0121_api_filelist_candidates.jsonl,128221
archive/datasets/m_verified/workspace/crawl_state_relaxed/batchcrawl_20260602T141135Z_round0121_api_filelist_candidates_remote_diff.csv,834121
archive/datasets/m_verified/workspace/crawl_state_relaxed/batchcrawl_20260602T141135Z_round0121_api_filelist_candidates_remote_diff.jsonl,875480
archive/datasets/m_verified/workspace/crawl_state_relaxed/batchcrawl_20260602T141135Z_round0121_api_filelist_candidates_repo_status.jsonl,8011
archive/datasets/m_verified/workspace/crawl_state_relaxed/batchcrawl_20260602T142923Z_repo_discovery.csv,751
archive/datasets/m_verified/workspace/crawl_state_relaxed/batchcrawl_20260602T142923Z_round0122_api_filelist_candidates.csv,17879
archive/datasets/m_verified/workspace/crawl_state_relaxed/batchcrawl_20260602T142923Z_round0122_api_filelist_candidates.jsonl,20027
archive/datasets/m_verified/workspace/crawl_state_relaxed/batchcrawl_20260602T142923Z_round0122_api_filelist_candidates_remote_diff.csv,448436
archive/datasets/m_verified/workspace/crawl_state_relaxed/batchcrawl_20260602T142923Z_round0122_api_filelist_candidates_remote_diff.jsonl,457502
archive/datasets/m_verified/workspace/crawl_state_relaxed/batchcrawl_20260602T142923Z_round0122_api_filelist_candidates_repo_status.jsonl,812
archive/datasets/m_verified/workspace/crawl_state_relaxed/batchcrawl_20260602T143235Z_repo_discovery.csv,67
archive/datasets/m_verified/workspace/crawl_state_relaxed/batchcrawl_20260602T173823Z_repo_discovery.csv,26380
archive/datasets/m_verified/workspace/crawl_state_relaxed/batchcrawl_20260602T173823Z_round0123_api_filelist_candidates.csv,194369
archive/datasets/m_verified/workspace/crawl_state_relaxed/batchcrawl_20260602T173823Z_round0123_api_filelist_candidates.jsonl,221480
archive/datasets/m_verified/workspace/crawl_state_relaxed/batchcrawl_20260602T173823Z_round0123_api_filelist_candidates_remote_diff.csv,2212236
archive/datasets/m_verified/workspace/crawl_state_relaxed/batchcrawl_20260602T173823Z_round0123_api_filelist_candidates_remote_diff.jsonl,2299147
archive/datasets/m_verified/workspace/crawl_state_relaxed/batchcrawl_20260602T173823Z_round0123_api_filelist_candidates_repo_status.jsonl,8025
archive/datasets/m_verified/workspace/crawl_state_relaxed/batchcrawl_20260602T173823Z_round0124_api_filelist_candidates.csv,155316
archive/datasets/m_verified/workspace/crawl_state_relaxed/batchcrawl_20260602T173823Z_round0124_api_filelist_candidates.jsonl,180842
archive/datasets/m_verified/workspace/crawl_state_relaxed/batchcrawl_20260602T173823Z_round0124_api_filelist_candidates_remote_diff.csv,1846844
archive/datasets/m_verified/workspace/crawl_state_relaxed/batchcrawl_20260602T173823Z_round0124_api_filelist_candidates_remote_diff.jsonl,1930796
archive/datasets/m_verified/workspace/crawl_state_relaxed/batchcrawl_20260602T173823Z_round0124_api_filelist_candidates_repo_status.jsonl,8050
archive/datasets/m_verified/workspace/crawl_state_relaxed/batchcrawl_20260602T173823Z_round0125_api_filelist_candidates.csv,113422
archive/datasets/m_verified/workspace/crawl_state_relaxed/batchcrawl_20260602T173823Z_round0125_api_filelist_candidates.jsonl,133336
archive/datasets/m_verified/workspace/crawl_state_relaxed/batchcrawl_20260602T173823Z_round0125_api_filelist_candidates_remote_diff.csv,1584835
archive/datasets/m_verified/workspace/crawl_state_relaxed/batchcrawl_20260602T173823Z_round0125_api_filelist_candidates_remote_diff.jsonl,1642777
archive/datasets/m_verified/workspace/crawl_state_relaxed/batchcrawl_20260602T173823Z_round0125_api_filelist_candidates_repo_status.jsonl,8096
archive/datasets/m_verified/workspace/crawl_state_relaxed/batchcrawl_20260602T173823Z_round0126_api_filelist_candidates.csv,90679
archive/datasets/m_verified/workspace/crawl_state_relaxed/batchcrawl_20260602T173823Z_round0126_api_filelist_candidates.jsonl,109260
archive/datasets/m_verified/workspace/crawl_state_relaxed/batchcrawl_20260602T173823Z_round0126_api_filelist_candidates_remote_diff.csv,1539086
archive/datasets/m_verified/workspace/crawl_state_relaxed/batchcrawl_20260602T173823Z_round0126_api_filelist_candidates_remote_diff.jsonl,1591883
archive/datasets/m_verified/workspace/crawl_state_relaxed/batchcrawl_20260602T173823Z_round0126_api_filelist_candidates_repo_status.jsonl,8104
archive/datasets/m_verified/workspace/crawl_state_relaxed/batchcrawl_20260603T034451Z_repo_discovery.csv,263
archive/datasets/m_verified/workspace/crawl_state_relaxed/batchcrawl_20260603T034451Z_round0127_api_filelist_candidates.csv,10108
archive/datasets/m_verified/workspace/crawl_state_relaxed/batchcrawl_20260603T034451Z_round0127_api_filelist_candidates.jsonl,11211
archive/datasets/m_verified/workspace/crawl_state_relaxed/batchcrawl_20260603T034451Z_round0127_api_filelist_candidates_remote_diff.csv,26150
archive/datasets/m_verified/workspace/crawl_state_relaxed/batchcrawl_20260603T034451Z_round0127_api_filelist_candidates_remote_diff.jsonl,27577
archive/datasets/m_verified/workspace/crawl_state_relaxed/batchcrawl_20260603T034451Z_round0127_api_filelist_candidates_repo_status.jsonl,279
archive/datasets/m_verified/workspace/crawl_state_relaxed/batchcrawl_20260603T034656Z_repo_discovery.csv,27799
archive/datasets/m_verified/workspace/crawl_state_relaxed/batchcrawl_20260603T034656Z_round0128_api_filelist_candidates.csv,127172
archive/datasets/m_verified/workspace/crawl_state_relaxed/batchcrawl_20260603T034656Z_round0128_api_filelist_candidates.jsonl,149712
archive/datasets/m_verified/workspace/crawl_state_relaxed/batchcrawl_20260603T034656Z_round0128_api_filelist_candidates_remote_diff.csv,1016108
archive/datasets/m_verified/workspace/crawl_state_relaxed/batchcrawl_20260603T034656Z_round0128_api_filelist_candidates_remote_diff.jsonl,1061160
archive/datasets/m_verified/workspace/crawl_state_relaxed/batchcrawl_20260603T034656Z_round0128_api_filelist_candidates_repo_status.jsonl,8308
archive/datasets/m_verified/workspace/crawl_state_relaxed/batchcrawl_20260603T034656Z_round0129_api_filelist_candidates.csv,86846
archive/datasets/m_verified/workspace/crawl_state_relaxed/batchcrawl_20260603T034656Z_round0129_api_filelist_candidates.jsonl,107859
archive/datasets/m_verified/workspace/crawl_state_relaxed/batchcrawl_20260603T034656Z_round0129_api_filelist_candidates_remote_diff.csv,2088458
archive/datasets/m_verified/workspace/crawl_state_relaxed/batchcrawl_20260603T034656Z_round0129_api_filelist_candidates_remote_diff.jsonl,2177010
archive/datasets/m_verified/workspace/crawl_state_relaxed/batchcrawl_20260603T034656Z_round0129_api_filelist_candidates_repo_status.jsonl,8090
archive/datasets/m_verified/workspace/crawl_state_relaxed/batchcrawl_20260603T034656Z_round0130_api_filelist_candidates.csv,219663
archive/datasets/m_verified/workspace/crawl_state_relaxed/batchcrawl_20260603T034656Z_round0130_api_filelist_candidates.jsonl,243905
archive/datasets/m_verified/workspace/crawl_state_relaxed/batchcrawl_20260603T034656Z_round0130_api_filelist_candidates_remote_diff.csv,3860025
archive/datasets/m_verified/workspace/crawl_state_relaxed/batchcrawl_20260603T034656Z_round0130_api_filelist_candidates_remote_diff.jsonl,3940833
archive/datasets/m_verified/workspace/crawl_state_relaxed/batchcrawl_20260603T034656Z_round0130_api_filelist_candidates_repo_status.jsonl,8083
archive/datasets/m_verified/workspace/crawl_state_relaxed/batchcrawl_20260603T034656Z_round0131_api_filelist_candidates.csv,107645
archive/datasets/m_verified/workspace/crawl_state_relaxed/batchcrawl_20260603T034656Z_round0131_api_filelist_candidates.jsonl,131671
archive/datasets/m_verified/workspace/crawl_state_relaxed/batchcrawl_20260603T034656Z_round0131_api_filelist_candidates_remote_diff.csv,25971947
archive/datasets/m_verified/workspace/crawl_state_relaxed/batchcrawl_20260603T034656Z_round0131_api_filelist_candidates_remote_diff.jsonl,26828078
archive/datasets/m_verified/workspace/crawl_state_relaxed/batchcrawl_20260603T034656Z_round0131_api_filelist_candidates_repo_status.jsonl,8126
archive/datasets/m_verified/workspace/crawl_state_relaxed/batchcrawl_20260603T050019Z_repo_discovery.csv,67
archive/datasets/m_verified/workspace/crawl_state_relaxed/batchcrawl_20260603T050749Z_repo_discovery.csv,27956
archive/datasets/m_verified/workspace/crawl_state_relaxed/batchcrawl_20260603T050749Z_round0132_api_filelist_candidates.csv,95824
archive/datasets/m_verified/workspace/crawl_state_relaxed/batchcrawl_20260603T050749Z_round0132_api_filelist_candidates.jsonl,112325
archive/datasets/m_verified/workspace/crawl_state_relaxed/batchcrawl_20260603T050749Z_round0132_api_filelist_candidates_remote_diff.csv,53284202
archive/datasets/m_verified/workspace/crawl_state_relaxed/batchcrawl_20260603T050749Z_round0132_api_filelist_candidates_remote_diff.jsonl,53429085
archive/datasets/m_verified/workspace/crawl_state_relaxed/batchcrawl_20260603T050749Z_round0132_api_filelist_candidates_repo_status.jsonl,8091
archive/datasets/m_verified/workspace/crawl_state_relaxed/batchcrawl_20260603T050749Z_round0133_api_filelist_candidates.csv,127393
archive/datasets/m_verified/workspace/crawl_state_relaxed/batchcrawl_20260603T050749Z_round0133_api_filelist_candidates.jsonl,146144
archive/datasets/m_verified/workspace/crawl_state_relaxed/batchcrawl_20260603T050749Z_round0133_api_filelist_candidates_remote_diff.csv,5996917
archive/datasets/m_verified/workspace/crawl_state_relaxed/batchcrawl_20260603T050749Z_round0133_api_filelist_candidates_remote_diff.jsonl,6067462
archive/datasets/m_verified/workspace/crawl_state_relaxed/batchcrawl_20260603T050749Z_round0133_api_filelist_candidates_repo_status.jsonl,8105
archive/datasets/m_verified/workspace/crawl_state_relaxed/batchcrawl_20260603T050749Z_round0134_api_filelist_candidates.csv,67337
archive/datasets/m_verified/workspace/crawl_state_relaxed/batchcrawl_20260603T050749Z_round0134_api_filelist_candidates.jsonl,81498
archive/datasets/m_verified/workspace/crawl_state_relaxed/batchcrawl_20260603T050749Z_round0134_api_filelist_candidates_remote_diff.csv,494234
archive/datasets/m_verified/workspace/crawl_state_relaxed/batchcrawl_20260603T050749Z_round0134_api_filelist_candidates_remote_diff.jsonl,522090
archive/datasets/m_verified/workspace/crawl_state_relaxed/batchcrawl_20260603T050749Z_round0134_api_filelist_candidates_repo_status.jsonl,8075
archive/datasets/m_verified/workspace/crawl_state_relaxed/batchcrawl_20260603T050749Z_round0135_api_filelist_candidates.csv,71807
archive/datasets/m_verified/workspace/crawl_state_relaxed/batchcrawl_20260603T050749Z_round0135_api_filelist_candidates.jsonl,85901
archive/datasets/m_verified/workspace/crawl_state_relaxed/batchcrawl_20260603T050749Z_round0135_api_filelist_candidates_repo_status.jsonl,6232
archive/datasets/m_verified/workspace/crawl_state_relaxed/batchcrawl_20260603T053100Z_repo_discovery.csv,26595
archive/datasets/m_verified/workspace/crawl_state_relaxed/batchcrawl_20260603T053100Z_round0135_api_filelist_candidates.csv,137318
archive/datasets/m_verified/workspace/crawl_state_relaxed/batchcrawl_20260603T053100Z_round0135_api_filelist_candidates.jsonl,155166
archive/datasets/m_verified/workspace/crawl_state_relaxed/batchcrawl_20260603T053100Z_round0135_api_filelist_candidates_remote_diff.csv,16235344
archive/datasets/m_verified/workspace/crawl_state_relaxed/batchcrawl_20260603T053100Z_round0135_api_filelist_candidates_remote_diff.jsonl,16649412
archive/datasets/m_verified/workspace/crawl_state_relaxed/batchcrawl_20260603T053100Z_round0135_api_filelist_candidates_repo_status.jsonl,8061
archive/datasets/m_verified/workspace/crawl_state_relaxed/batchcrawl_20260603T053100Z_round0136_api_filelist_candidates.csv,93109
archive/datasets/m_verified/workspace/crawl_state_relaxed/batchcrawl_20260603T053100Z_round0136_api_filelist_candidates.jsonl,114673
archive/datasets/m_verified/workspace/crawl_state_relaxed/batchcrawl_20260603T053100Z_round0136_api_filelist_candidates_remote_diff.csv,3128571
archive/datasets/m_verified/workspace/crawl_state_relaxed/batchcrawl_20260603T053100Z_round0136_api_filelist_candidates_remote_diff.jsonl,3196647
archive/datasets/m_verified/workspace/crawl_state_relaxed/batchcrawl_20260603T053100Z_round0136_api_filelist_candidates_repo_status.jsonl,8079
archive/datasets/m_verified/workspace/crawl_state_relaxed/batchcrawl_20260603T053100Z_round0137_api_filelist_candidates.csv,146618
archive/datasets/m_verified/workspace/crawl_state_relaxed/batchcrawl_20260603T053100Z_round0137_api_filelist_candidates.jsonl,168222
archive/datasets/m_verified/workspace/crawl_state_relaxed/batchcrawl_20260603T053100Z_round0137_api_filelist_candidates_remote_diff.csv,2182906
archive/datasets/m_verified/workspace/crawl_state_relaxed/batchcrawl_20260603T053100Z_round0137_api_filelist_candidates_remote_diff.jsonl,2261810
archive/datasets/m_verified/workspace/crawl_state_relaxed/batchcrawl_20260603T053100Z_round0137_api_filelist_candidates_repo_status.jsonl,8076
archive/datasets/m_verified/workspace/crawl_state_relaxed/batchcrawl_20260603T053100Z_round0138_api_filelist_candidates.csv,111334
archive/datasets/m_verified/workspace/crawl_state_relaxed/batchcrawl_20260603T053100Z_round0138_api_filelist_candidates.jsonl,132890
archive/datasets/m_verified/workspace/crawl_state_relaxed/batchcrawl_20260603T053100Z_round0138_api_filelist_candidates_remote_diff.csv,949359
archive/datasets/m_verified/workspace/crawl_state_relaxed/batchcrawl_20260603T053100Z_round0138_api_filelist_candidates_remote_diff.jsonl,995655
archive/datasets/m_verified/workspace/crawl_state_relaxed/batchcrawl_20260603T053100Z_round0138_api_filelist_candidates_repo_status.jsonl,8148
archive/datasets/m_verified/workspace/crawl_state_relaxed/batchcrawl_20260603T055326Z_repo_discovery.csv,26539
archive/datasets/m_verified/workspace/crawl_state_relaxed/batchcrawl_20260603T055326Z_round0139_api_filelist_candidates.csv,87827
archive/datasets/m_verified/workspace/crawl_state_relaxed/batchcrawl_20260603T055326Z_round0139_api_filelist_candidates.jsonl,105713
archive/datasets/m_verified/workspace/crawl_state_relaxed/batchcrawl_20260603T055326Z_round0139_api_filelist_candidates_remote_diff.csv,3495551
archive/datasets/m_verified/workspace/crawl_state_relaxed/batchcrawl_20260603T055326Z_round0139_api_filelist_candidates_remote_diff.jsonl,3592150
archive/datasets/m_verified/workspace/crawl_state_relaxed/batchcrawl_20260603T055326Z_round0139_api_filelist_candidates_repo_status.jsonl,8051
archive/datasets/m_verified/workspace/crawl_state_relaxed/batchcrawl_20260603T055326Z_round0140_api_filelist_candidates.csv,81272
archive/datasets/m_verified/workspace/crawl_state_relaxed/batchcrawl_20260603T055326Z_round0140_api_filelist_candidates.jsonl,97188
archive/datasets/m_verified/workspace/crawl_state_relaxed/batchcrawl_20260603T055326Z_round0140_api_filelist_candidates_remote_diff.csv,783535
archive/datasets/m_verified/workspace/crawl_state_relaxed/batchcrawl_20260603T055326Z_round0140_api_filelist_candidates_remote_diff.jsonl,824568
archive/datasets/m_verified/workspace/crawl_state_relaxed/batchcrawl_20260603T055326Z_round0140_api_filelist_candidates_repo_status.jsonl,8129
archive/datasets/m_verified/workspace/crawl_state_relaxed/batchcrawl_20260603T055326Z_round0141_api_filelist_candidates.csv,52541
archive/datasets/m_verified/workspace/crawl_state_relaxed/batchcrawl_20260603T055326Z_round0141_api_filelist_candidates.jsonl,64399
archive/datasets/m_verified/workspace/crawl_state_relaxed/batchcrawl_20260603T055326Z_round0141_api_filelist_candidates_remote_diff.csv,1496740
archive/datasets/m_verified/workspace/crawl_state_relaxed/batchcrawl_20260603T055326Z_round0141_api_filelist_candidates_remote_diff.jsonl,1586755
archive/datasets/m_verified/workspace/crawl_state_relaxed/batchcrawl_20260603T055326Z_round0141_api_filelist_candidates_repo_status.jsonl,8502
archive/datasets/m_verified/workspace/crawl_state_relaxed/batchcrawl_20260603T055326Z_round0142_api_filelist_candidates.csv,159873
archive/datasets/m_verified/workspace/crawl_state_relaxed/batchcrawl_20260603T055326Z_round0142_api_filelist_candidates.jsonl,182852
archive/datasets/m_verified/workspace/crawl_state_relaxed/batchcrawl_20260603T055326Z_round0142_api_filelist_candidates_remote_diff.csv,2411313
archive/datasets/m_verified/workspace/crawl_state_relaxed/batchcrawl_20260603T055326Z_round0142_api_filelist_candidates_remote_diff.jsonl,2494156
archive/datasets/m_verified/workspace/crawl_state_relaxed/batchcrawl_20260603T055326Z_round0142_api_filelist_candidates_repo_status.jsonl,8062
archive/datasets/m_verified/workspace/crawl_state_relaxed/batchcrawl_20260603T060744Z_repo_discovery.csv,27301
archive/datasets/m_verified/workspace/crawl_state_relaxed/batchcrawl_20260603T060744Z_round0143_api_filelist_candidates.csv,75285
archive/datasets/m_verified/workspace/crawl_state_relaxed/batchcrawl_20260603T060744Z_round0143_api_filelist_candidates.jsonl,89425
archive/datasets/m_verified/workspace/crawl_state_relaxed/batchcrawl_20260603T060744Z_round0143_api_filelist_candidates_remote_diff.csv,722074
archive/datasets/m_verified/workspace/crawl_state_relaxed/batchcrawl_20260603T060744Z_round0143_api_filelist_candidates_remote_diff.jsonl,758563
archive/datasets/m_verified/workspace/crawl_state_relaxed/batchcrawl_20260603T060744Z_round0143_api_filelist_candidates_repo_status.jsonl,8134
archive/datasets/m_verified/workspace/crawl_state_relaxed/batchcrawl_20260603T060744Z_round0144_api_filelist_candidates.csv,170551
archive/datasets/m_verified/workspace/crawl_state_relaxed/batchcrawl_20260603T060744Z_round0144_api_filelist_candidates.jsonl,188947
archive/datasets/m_verified/workspace/crawl_state_relaxed/batchcrawl_20260603T060744Z_round0144_api_filelist_candidates_remote_diff.csv,1399414
archive/datasets/m_verified/workspace/crawl_state_relaxed/batchcrawl_20260603T060744Z_round0144_api_filelist_candidates_remote_diff.jsonl,1449653
archive/datasets/m_verified/workspace/crawl_state_relaxed/batchcrawl_20260603T060744Z_round0144_api_filelist_candidates_repo_status.jsonl,8076
archive/datasets/m_verified/workspace/crawl_state_relaxed/batchcrawl_20260603T060744Z_round0145_api_filelist_candidates.csv,248039
archive/datasets/m_verified/workspace/crawl_state_relaxed/batchcrawl_20260603T060744Z_round0145_api_filelist_candidates.jsonl,279168
archive/datasets/m_verified/workspace/crawl_state_relaxed/batchcrawl_20260603T060744Z_round0145_api_filelist_candidates_remote_diff.csv,4854247
archive/datasets/m_verified/workspace/crawl_state_relaxed/batchcrawl_20260603T060744Z_round0145_api_filelist_candidates_remote_diff.jsonl,5003353
archive/datasets/m_verified/workspace/crawl_state_relaxed/batchcrawl_20260603T060744Z_round0145_api_filelist_candidates_repo_status.jsonl,8076
archive/datasets/m_verified/workspace/crawl_state_relaxed/batchcrawl_20260603T060744Z_round0146_api_filelist_candidates.csv,180793
archive/datasets/m_verified/workspace/crawl_state_relaxed/batchcrawl_20260603T060744Z_round0146_api_filelist_candidates.jsonl,205915
archive/datasets/m_verified/workspace/crawl_state_relaxed/batchcrawl_20260603T060744Z_round0146_api_filelist_candidates_remote_diff.csv,2176366
archive/datasets/m_verified/workspace/crawl_state_relaxed/batchcrawl_20260603T060744Z_round0146_api_filelist_candidates_remote_diff.jsonl,2287884
archive/datasets/m_verified/workspace/crawl_state_relaxed/batchcrawl_20260603T060744Z_round0146_api_filelist_candidates_repo_status.jsonl,8067
archive/datasets/m_verified/workspace/crawl_state_relaxed/batchcrawl_20260603T062216Z_repo_discovery.csv,27145
archive/datasets/m_verified/workspace/crawl_state_relaxed/batchcrawl_20260603T062216Z_round0147_api_filelist_candidates.csv,166010
archive/datasets/m_verified/workspace/crawl_state_relaxed/batchcrawl_20260603T062216Z_round0147_api_filelist_candidates.jsonl,191616
archive/datasets/m_verified/workspace/crawl_state_relaxed/batchcrawl_20260603T062216Z_round0147_api_filelist_candidates_remote_diff.csv,2013605
archive/datasets/m_verified/workspace/crawl_state_relaxed/batchcrawl_20260603T062216Z_round0147_api_filelist_candidates_remote_diff.jsonl,2083763
archive/datasets/m_verified/workspace/crawl_state_relaxed/batchcrawl_20260603T062216Z_round0147_api_filelist_candidates_repo_status.jsonl,8125
archive/datasets/m_verified/workspace/crawl_state_relaxed/batchcrawl_20260603T062216Z_round0148_api_filelist_candidates.csv,148281
archive/datasets/m_verified/workspace/crawl_state_relaxed/batchcrawl_20260603T062216Z_round0148_api_filelist_candidates.jsonl,173341
archive/datasets/m_verified/workspace/crawl_state_relaxed/batchcrawl_20260603T062216Z_round0148_api_filelist_candidates_remote_diff.csv,2110979
archive/datasets/m_verified/workspace/crawl_state_relaxed/batchcrawl_20260603T062216Z_round0148_api_filelist_candidates_remote_diff.jsonl,2188468
archive/datasets/m_verified/workspace/crawl_state_relaxed/batchcrawl_20260603T062216Z_round0148_api_filelist_candidates_repo_status.jsonl,8098
archive/datasets/m_verified/workspace/crawl_state_relaxed/batchcrawl_20260603T062216Z_round0149_api_filelist_candidates.csv,93032
archive/datasets/m_verified/workspace/crawl_state_relaxed/batchcrawl_20260603T062216Z_round0149_api_filelist_candidates.jsonl,114018
archive/datasets/m_verified/workspace/crawl_state_relaxed/batchcrawl_20260603T062216Z_round0149_api_filelist_candidates_remote_diff.csv,783302
archive/datasets/m_verified/workspace/crawl_state_relaxed/batchcrawl_20260603T062216Z_round0149_api_filelist_candidates_remote_diff.jsonl,824529
archive/datasets/m_verified/workspace/crawl_state_relaxed/batchcrawl_20260603T062216Z_round0149_api_filelist_candidates_repo_status.jsonl,8085
archive/datasets/m_verified/workspace/crawl_state_relaxed/batchcrawl_20260603T062216Z_round0150_api_filelist_candidates.csv,139642
archive/datasets/m_verified/workspace/crawl_state_relaxed/batchcrawl_20260603T062216Z_round0150_api_filelist_candidates.jsonl,164128
archive/datasets/m_verified/workspace/crawl_state_relaxed/batchcrawl_20260603T062216Z_round0150_api_filelist_candidates_remote_diff.csv,11432186
archive/datasets/m_verified/workspace/crawl_state_relaxed/batchcrawl_20260603T062216Z_round0150_api_filelist_candidates_remote_diff.jsonl,11503769
archive/datasets/m_verified/workspace/crawl_state_relaxed/batchcrawl_20260603T062216Z_round0150_api_filelist_candidates_repo_status.jsonl,8050
archive/datasets/m_verified/workspace/crawl_state_relaxed/batchcrawl_20260603T063704Z_repo_discovery.csv,26970
archive/datasets/m_verified/workspace/crawl_state_relaxed/batchcrawl_20260603T063704Z_round0151_api_filelist_candidates.csv,171261
archive/datasets/m_verified/workspace/crawl_state_relaxed/batchcrawl_20260603T063704Z_round0151_api_filelist_candidates.jsonl,197631
archive/datasets/m_verified/workspace/crawl_state_relaxed/batchcrawl_20260603T063704Z_round0151_api_filelist_candidates_remote_diff.csv,31134639
archive/datasets/m_verified/workspace/crawl_state_relaxed/batchcrawl_20260603T063704Z_round0151_api_filelist_candidates_remote_diff.jsonl,32941915
archive/datasets/m_verified/workspace/crawl_state_relaxed/batchcrawl_20260603T063704Z_round0151_api_filelist_candidates_repo_status.jsonl,8021
archive/datasets/m_verified/workspace/crawl_state_relaxed/batchcrawl_20260603T063704Z_round0152_api_filelist_candidates.csv,157987
archive/datasets/m_verified/workspace/crawl_state_relaxed/batchcrawl_20260603T063704Z_round0152_api_filelist_candidates.jsonl,186434
archive/datasets/m_verified/workspace/crawl_state_relaxed/batchcrawl_20260603T063704Z_round0152_api_filelist_candidates_remote_diff.csv,1885786
archive/datasets/m_verified/workspace/crawl_state_relaxed/batchcrawl_20260603T063704Z_round0152_api_filelist_candidates_remote_diff.jsonl,1975105
archive/datasets/m_verified/workspace/crawl_state_relaxed/batchcrawl_20260603T063704Z_round0152_api_filelist_candidates_repo_status.jsonl,8049
archive/datasets/m_verified/workspace/crawl_state_relaxed/batchcrawl_20260603T063704Z_round0153_api_filelist_candidates.csv,149713
archive/datasets/m_verified/workspace/crawl_state_relaxed/batchcrawl_20260603T063704Z_round0153_api_filelist_candidates.jsonl,178274
archive/datasets/m_verified/workspace/crawl_state_relaxed/batchcrawl_20260603T063704Z_round0153_api_filelist_candidates_remote_diff.csv,2210005
archive/datasets/m_verified/workspace/crawl_state_relaxed/batchcrawl_20260603T063704Z_round0153_api_filelist_candidates_remote_diff.jsonl,2289442
archive/datasets/m_verified/workspace/crawl_state_relaxed/batchcrawl_20260603T063704Z_round0153_api_filelist_candidates_repo_status.jsonl,8034
archive/datasets/m_verified/workspace/crawl_state_relaxed/batchcrawl_20260603T063704Z_round0154_api_filelist_candidates.csv,113525
archive/datasets/m_verified/workspace/crawl_state_relaxed/batchcrawl_20260603T063704Z_round0154_api_filelist_candidates.jsonl,134613
archive/datasets/m_verified/workspace/crawl_state_relaxed/batchcrawl_20260603T063704Z_round0154_api_filelist_candidates_remote_diff.csv,956583
archive/datasets/m_verified/workspace/crawl_state_relaxed/batchcrawl_20260603T063704Z_round0154_api_filelist_candidates_remote_diff.jsonl,1007964
archive/datasets/m_verified/workspace/crawl_state_relaxed/batchcrawl_20260603T063704Z_round0154_api_filelist_candidates_repo_status.jsonl,8123
archive/datasets/m_verified/workspace/crawl_state_relaxed/batchcrawl_20260603T065302Z_repo_discovery.csv,26786
archive/datasets/m_verified/workspace/crawl_state_relaxed/batchcrawl_20260603T065302Z_round0155_api_filelist_candidates.csv,126515
archive/datasets/m_verified/workspace/crawl_state_relaxed/batchcrawl_20260603T065302Z_round0155_api_filelist_candidates.jsonl,153174
archive/datasets/m_verified/workspace/crawl_state_relaxed/batchcrawl_20260603T065302Z_round0155_api_filelist_candidates_remote_diff.csv,1465967
archive/datasets/m_verified/workspace/crawl_state_relaxed/batchcrawl_20260603T065302Z_round0155_api_filelist_candidates_remote_diff.jsonl,1525995
archive/datasets/m_verified/workspace/crawl_state_relaxed/batchcrawl_20260603T065302Z_round0155_api_filelist_candidates_repo_status.jsonl,8055
archive/datasets/m_verified/workspace/crawl_state_relaxed/batchcrawl_20260603T065302Z_round0156_api_filelist_candidates.csv,299287
archive/datasets/m_verified/workspace/crawl_state_relaxed/batchcrawl_20260603T065302Z_round0156_api_filelist_candidates.jsonl,326370
archive/datasets/m_verified/workspace/crawl_state_relaxed/batchcrawl_20260603T065302Z_round0156_api_filelist_candidates_remote_diff.csv,2580803
archive/datasets/m_verified/workspace/crawl_state_relaxed/batchcrawl_20260603T065302Z_round0156_api_filelist_candidates_remote_diff.jsonl,2683882
archive/datasets/m_verified/workspace/crawl_state_relaxed/batchcrawl_20260603T065302Z_round0156_api_filelist_candidates_repo_status.jsonl,8050
archive/datasets/m_verified/workspace/crawl_state_relaxed/batchcrawl_20260603T065302Z_round0157_api_filelist_candidates.csv,186674
archive/datasets/m_verified/workspace/crawl_state_relaxed/batchcrawl_20260603T065302Z_round0157_api_filelist_candidates.jsonl,211359
archive/datasets/m_verified/workspace/crawl_state_relaxed/batchcrawl_20260603T065302Z_round0157_api_filelist_candidates_remote_diff.csv,1652537
archive/datasets/m_verified/workspace/crawl_state_relaxed/batchcrawl_20260603T065302Z_round0157_api_filelist_candidates_remote_diff.jsonl,1710556
archive/datasets/m_verified/workspace/crawl_state_relaxed/batchcrawl_20260603T065302Z_round0157_api_filelist_candidates_repo_status.jsonl,8020
archive/datasets/m_verified/workspace/crawl_state_relaxed/batchcrawl_20260603T065302Z_round0158_api_filelist_candidates.csv,107837
archive/datasets/m_verified/workspace/crawl_state_relaxed/batchcrawl_20260603T065302Z_round0158_api_filelist_candidates.jsonl,131434
archive/datasets/m_verified/workspace/crawl_state_relaxed/batchcrawl_20260603T065302Z_round0158_api_filelist_candidates_remote_diff.csv,1839682
archive/datasets/m_verified/workspace/crawl_state_relaxed/batchcrawl_20260603T065302Z_round0158_api_filelist_candidates_remote_diff.jsonl,1923788
archive/datasets/m_verified/workspace/crawl_state_relaxed/batchcrawl_20260603T065302Z_round0158_api_filelist_candidates_repo_status.jsonl,7972
archive/datasets/m_verified/workspace/crawl_state_relaxed/batchcrawl_20260603T070743Z_repo_discovery.csv,27843
archive/datasets/m_verified/workspace/crawl_state_relaxed/batchcrawl_20260603T070743Z_round0159_api_filelist_candidates.csv,112516
archive/datasets/m_verified/workspace/crawl_state_relaxed/batchcrawl_20260603T070743Z_round0159_api_filelist_candidates.jsonl,137659
archive/datasets/m_verified/workspace/crawl_state_relaxed/batchcrawl_20260603T070743Z_round0159_api_filelist_candidates_remote_diff.csv,1332940
archive/datasets/m_verified/workspace/crawl_state_relaxed/batchcrawl_20260603T070743Z_round0159_api_filelist_candidates_remote_diff.jsonl,1387465
archive/datasets/m_verified/workspace/crawl_state_relaxed/batchcrawl_20260603T070743Z_round0159_api_filelist_candidates_repo_status.jsonl,8030
archive/datasets/m_verified/workspace/crawl_state_relaxed/batchcrawl_20260603T070743Z_round0160_api_filelist_candidates.csv,115982
archive/datasets/m_verified/workspace/crawl_state_relaxed/batchcrawl_20260603T070743Z_round0160_api_filelist_candidates.jsonl,136312
archive/datasets/m_verified/workspace/crawl_state_relaxed/batchcrawl_20260603T070743Z_round0160_api_filelist_candidates_remote_diff.csv,2001558
archive/datasets/m_verified/workspace/crawl_state_relaxed/batchcrawl_20260603T070743Z_round0160_api_filelist_candidates_remote_diff.jsonl,2084393
archive/datasets/m_verified/workspace/crawl_state_relaxed/batchcrawl_20260603T070743Z_round0160_api_filelist_candidates_repo_status.jsonl,8132
archive/datasets/m_verified/workspace/crawl_state_relaxed/batchcrawl_20260603T070743Z_round0161_api_filelist_candidates.csv,128672
archive/datasets/m_verified/workspace/crawl_state_relaxed/batchcrawl_20260603T070743Z_round0161_api_filelist_candidates.jsonl,145476
archive/datasets/m_verified/workspace/crawl_state_relaxed/batchcrawl_20260603T070743Z_round0161_api_filelist_candidates_remote_diff.csv,5338658
archive/datasets/m_verified/workspace/crawl_state_relaxed/batchcrawl_20260603T070743Z_round0161_api_filelist_candidates_remote_diff.jsonl,5456427
archive/datasets/m_verified/workspace/crawl_state_relaxed/batchcrawl_20260603T070743Z_round0161_api_filelist_candidates_repo_status.jsonl,8126
archive/datasets/m_verified/workspace/crawl_state_relaxed/batchcrawl_20260603T070743Z_round0162_api_filelist_candidates.csv,83558
archive/datasets/m_verified/workspace/crawl_state_relaxed/batchcrawl_20260603T070743Z_round0162_api_filelist_candidates.jsonl,99042
archive/datasets/m_verified/workspace/crawl_state_relaxed/batchcrawl_20260603T070743Z_round0162_api_filelist_candidates_remote_diff.csv,4306146
archive/datasets/m_verified/workspace/crawl_state_relaxed/batchcrawl_20260603T070743Z_round0162_api_filelist_candidates_remote_diff.jsonl,4414615
archive/datasets/m_verified/workspace/crawl_state_relaxed/batchcrawl_20260603T070743Z_round0162_api_filelist_candidates_repo_status.jsonl,8132
archive/datasets/m_verified/workspace/crawl_state_relaxed/batchcrawl_20260603T072227Z_repo_discovery.csv,8681
archive/datasets/m_verified/workspace/crawl_state_relaxed/batchcrawl_20260603T072227Z_round0163_api_filelist_candidates.csv,100363
archive/datasets/m_verified/workspace/crawl_state_relaxed/batchcrawl_20260603T072227Z_round0163_api_filelist_candidates.jsonl,120861
archive/datasets/m_verified/workspace/crawl_state_relaxed/batchcrawl_20260603T072227Z_round0163_api_filelist_candidates_remote_diff.csv,3124781
archive/datasets/m_verified/workspace/crawl_state_relaxed/batchcrawl_20260603T072227Z_round0163_api_filelist_candidates_remote_diff.jsonl,3209706
archive/datasets/m_verified/workspace/crawl_state_relaxed/batchcrawl_20260603T072227Z_round0163_api_filelist_candidates_repo_status.jsonl,8112
archive/datasets/m_verified/workspace/crawl_state_relaxed/batchcrawl_20260603T072227Z_round0164_api_filelist_candidates.csv,60746
archive/datasets/m_verified/workspace/crawl_state_relaxed/batchcrawl_20260603T072227Z_round0164_api_filelist_candidates.jsonl,67458
archive/datasets/m_verified/workspace/crawl_state_relaxed/batchcrawl_20260603T072227Z_round0164_api_filelist_candidates_remote_diff.csv,738817
archive/datasets/m_verified/workspace/crawl_state_relaxed/batchcrawl_20260603T072227Z_round0164_api_filelist_candidates_remote_diff.jsonl,762473
archive/datasets/m_verified/workspace/crawl_state_relaxed/batchcrawl_20260603T072227Z_round0164_api_filelist_candidates_repo_status.jsonl,1879
archive/datasets/m_verified/workspace/crawl_state_relaxed/batchcrawl_20260603T073039Z_repo_discovery.csv,67
archive/datasets/m_verified/workspace/crawl_state_relaxed/batchcrawl_20260603T074107Z_repo_discovery.csv,67
archive/datasets/m_verified/workspace/crawl_state_relaxed/batchcrawl_20260603T075127Z_repo_discovery.csv,359
archive/datasets/m_verified/workspace/crawl_state_relaxed/batchcrawl_20260603T075127Z_round0165_api_filelist_candidates.csv,9663
archive/datasets/m_verified/workspace/crawl_state_relaxed/batchcrawl_20260603T075127Z_round0165_api_filelist_candidates.jsonl,10780
archive/datasets/m_verified/workspace/crawl_state_relaxed/batchcrawl_20260603T075127Z_round0165_api_filelist_candidates_remote_diff.csv,155474
archive/datasets/m_verified/workspace/crawl_state_relaxed/batchcrawl_20260603T075127Z_round0165_api_filelist_candidates_remote_diff.jsonl,167121
archive/datasets/m_verified/workspace/crawl_state_relaxed/batchcrawl_20260603T075127Z_round0165_api_filelist_candidates_repo_status.jsonl,271
archive/datasets/m_verified/workspace/crawl_state_relaxed/batchcrawl_20260603T075700Z_repo_discovery.csv,267
archive/datasets/m_verified/workspace/crawl_state_relaxed/batchcrawl_20260603T075700Z_round0166_api_filelist_candidates.csv,1729
archive/datasets/m_verified/workspace/crawl_state_relaxed/batchcrawl_20260603T075700Z_round0166_api_filelist_candidates.jsonl,1904
archive/datasets/m_verified/workspace/crawl_state_relaxed/batchcrawl_20260603T075700Z_round0166_api_filelist_candidates_remote_diff.csv,11814
archive/datasets/m_verified/workspace/crawl_state_relaxed/batchcrawl_20260603T075700Z_round0166_api_filelist_candidates_remote_diff.jsonl,12277
archive/datasets/m_verified/workspace/crawl_state_relaxed/batchcrawl_20260603T075700Z_round0166_api_filelist_candidates_repo_status.jsonl,263
archive/datasets/m_verified/workspace/crawl_state_relaxed/batchcrawl_20260603T080244Z_repo_discovery.csv,67
archive/datasets/m_verified/workspace/crawl_state_relaxed/batchcrawl_20260603T081423Z_repo_discovery.csv,67
archive/datasets/m_verified/workspace/crawl_state_relaxed/batchcrawl_20260603T082515Z_repo_discovery.csv,67
archive/datasets/m_verified/workspace/crawl_state_relaxed/batchcrawl_20260603T083614Z_repo_discovery.csv,266
archive/datasets/m_verified/workspace/crawl_state_relaxed/batchcrawl_20260603T083614Z_round0167_api_filelist_candidates.csv,8357
archive/datasets/m_verified/workspace/crawl_state_relaxed/batchcrawl_20260603T083614Z_round0167_api_filelist_candidates.jsonl,9097
archive/datasets/m_verified/workspace/crawl_state_relaxed/batchcrawl_20260603T083614Z_round0167_api_filelist_candidates_remote_diff.csv,47320
archive/datasets/m_verified/workspace/crawl_state_relaxed/batchcrawl_20260603T083614Z_round0167_api_filelist_candidates_remote_diff.jsonl,49068
archive/datasets/m_verified/workspace/crawl_state_relaxed/batchcrawl_20260603T083614Z_round0167_api_filelist_candidates_repo_status.jsonl,261
archive/datasets/m_verified/workspace/crawl_state_relaxed/batchcrawl_20260603T084204Z_repo_discovery.csv,67
archive/datasets/m_verified/workspace/crawl_state_relaxed/batchcrawl_20260603T085304Z_repo_discovery.csv,349
archive/datasets/m_verified/workspace/crawl_state_relaxed/batchcrawl_20260603T085304Z_round0168_api_filelist_candidates.csv,8053
archive/datasets/m_verified/workspace/crawl_state_relaxed/batchcrawl_20260603T085304Z_round0168_api_filelist_candidates.jsonl,9098
archive/datasets/m_verified/workspace/crawl_state_relaxed/batchcrawl_20260603T085304Z_round0168_api_filelist_candidates_remote_diff.csv,187816
archive/datasets/m_verified/workspace/crawl_state_relaxed/batchcrawl_20260603T085304Z_round0168_api_filelist_candidates_remote_diff.jsonl,193222
archive/datasets/m_verified/workspace/crawl_state_relaxed/batchcrawl_20260603T085304Z_round0168_api_filelist_candidates_repo_status.jsonl,266
archive/datasets/m_verified/workspace/crawl_state_relaxed/batchcrawl_20260603T085925Z_repo_discovery.csv,67
archive/datasets/m_verified/workspace/crawl_state_relaxed/batchcrawl_20260603T091110Z_repo_discovery.csv,323
archive/datasets/m_verified/workspace/crawl_state_relaxed/batchcrawl_20260603T091110Z_round0169_api_filelist_candidates_repo_status.jsonl,266
archive/datasets/m_verified/workspace/crawl_state_relaxed/batchcrawl_20260603T091753Z_repo_discovery.csv,285
archive/datasets/m_verified/workspace/crawl_state_relaxed/batchcrawl_20260603T091753Z_round0170_api_filelist_candidates.csv,11722
archive/datasets/m_verified/workspace/crawl_state_relaxed/batchcrawl_20260603T091753Z_round0170_api_filelist_candidates.jsonl,12889
archive/datasets/m_verified/workspace/crawl_state_relaxed/batchcrawl_20260603T091753Z_round0170_api_filelist_candidates_remote_diff.csv,230334
archive/datasets/m_verified/workspace/crawl_state_relaxed/batchcrawl_20260603T091753Z_round0170_api_filelist_candidates_remote_diff.jsonl,236172
archive/datasets/m_verified/workspace/crawl_state_relaxed/batchcrawl_20260603T091753Z_round0170_api_filelist_candidates_repo_status.jsonl,273
archive/datasets/m_verified/workspace/crawl_state_relaxed/batchcrawl_20260603T092416Z_repo_discovery.csv,67
archive/datasets/m_verified/workspace/crawl_state_relaxed/batchcrawl_20260603T093525Z_repo_discovery.csv,67
archive/datasets/m_verified/workspace/crawl_state_relaxed/batchcrawl_20260603T135346Z_repo_discovery.csv,1429
archive/datasets/m_verified/workspace/crawl_state_relaxed/batchcrawl_20260603T135346Z_round0171_api_filelist_candidates.csv,21936
archive/datasets/m_verified/workspace/crawl_state_relaxed/batchcrawl_20260603T135346Z_round0171_api_filelist_candidates.jsonl,26480
archive/datasets/m_verified/workspace/crawl_state_relaxed/batchcrawl_20260603T135346Z_round0171_api_filelist_candidates_remote_diff.csv,228318
archive/datasets/m_verified/workspace/crawl_state_relaxed/batchcrawl_20260603T135346Z_round0171_api_filelist_candidates_remote_diff.jsonl,237491
archive/datasets/m_verified/workspace/crawl_state_relaxed/batchcrawl_20260603T135346Z_round0171_api_filelist_candidates_repo_status.jsonl,1350
archive/datasets/m_verified/workspace/crawl_state_relaxed/batchcrawl_20260603T152312Z_repo_discovery.csv,979
archive/datasets/m_verified/workspace/crawl_state_relaxed/batchcrawl_20260603T152312Z_round0172_api_filelist_candidates.csv,26228
archive/datasets/m_verified/workspace/crawl_state_relaxed/batchcrawl_20260603T152312Z_round0172_api_filelist_candidates.jsonl,30126
archive/datasets/m_verified/workspace/crawl_state_relaxed/batchcrawl_20260603T152312Z_round0172_api_filelist_candidates_remote_diff.csv,352357
archive/datasets/m_verified/workspace/crawl_state_relaxed/batchcrawl_20260603T152312Z_round0172_api_filelist_candidates_remote_diff.jsonl,363778
archive/datasets/m_verified/workspace/crawl_state_relaxed/batchcrawl_20260603T152312Z_round0172_api_filelist_candidates_repo_status.jsonl,808
archive/datasets/m_verified/workspace/crawl_state_relaxed/batchcrawl_20260603T153017Z_repo_discovery.csv,67
archive/datasets/m_verified/workspace/crawl_state_relaxed/batchcrawl_20260603T154208Z_repo_discovery.csv,496
archive/datasets/m_verified/workspace/crawl_state_relaxed/batchcrawl_20260603T154208Z_round0173_api_filelist_candidates.csv,1464
archive/datasets/m_verified/workspace/crawl_state_relaxed/batchcrawl_20260603T154208Z_round0173_api_filelist_candidates.jsonl,1605
archive/datasets/m_verified/workspace/crawl_state_relaxed/batchcrawl_20260603T154208Z_round0173_api_filelist_candidates_remote_diff.csv,12980
archive/datasets/m_verified/workspace/crawl_state_relaxed/batchcrawl_20260603T154208Z_round0173_api_filelist_candidates_remote_diff.jsonl,13284
archive/datasets/m_verified/workspace/crawl_state_relaxed/batchcrawl_20260603T154208Z_round0173_api_filelist_candidates_repo_status.jsonl,279
archive/datasets/m_verified/workspace/crawl_state_relaxed/batchcrawl_20260603T154842Z_repo_discovery.csv,67
archive/datasets/m_verified/workspace/crawl_state_relaxed/batchcrawl_20260603T160052Z_repo_discovery.csv,67
archive/datasets/m_verified/workspace/crawl_state_relaxed/batchcrawl_20260603T161342Z_repo_discovery.csv,67
archive/datasets/m_verified/workspace/crawl_state_relaxed/batchcrawl_20260603T162631Z_repo_discovery.csv,286
archive/datasets/m_verified/workspace/crawl_state_relaxed/batchcrawl_20260603T162631Z_round0174_api_filelist_candidates.csv,13946
archive/datasets/m_verified/workspace/crawl_state_relaxed/batchcrawl_20260603T162631Z_round0174_api_filelist_candidates.jsonl,15179
archive/datasets/m_verified/workspace/crawl_state_relaxed/batchcrawl_20260603T162631Z_round0174_api_filelist_candidates_remote_diff.csv,131985
archive/datasets/m_verified/workspace/crawl_state_relaxed/batchcrawl_20260603T162631Z_round0174_api_filelist_candidates_remote_diff.jsonl,136082
archive/datasets/m_verified/workspace/crawl_state_relaxed/batchcrawl_20260603T162631Z_round0174_api_filelist_candidates_repo_status.jsonl,274
archive/datasets/m_verified/workspace/crawl_state_relaxed/batchcrawl_20260603T163349Z_repo_discovery.csv,503
archive/datasets/m_verified/workspace/crawl_state_relaxed/batchcrawl_20260603T163349Z_round0175_api_filelist_candidates.csv,12992
archive/datasets/m_verified/workspace/crawl_state_relaxed/batchcrawl_20260603T163349Z_round0175_api_filelist_candidates.jsonl,14643
archive/datasets/m_verified/workspace/crawl_state_relaxed/batchcrawl_20260603T163349Z_round0175_api_filelist_candidates_remote_diff.csv,291859
archive/datasets/m_verified/workspace/crawl_state_relaxed/batchcrawl_20260603T163349Z_round0175_api_filelist_candidates_remote_diff.jsonl,300335
archive/datasets/m_verified/workspace/crawl_state_relaxed/batchcrawl_20260603T163349Z_round0175_api_filelist_candidates_repo_status.jsonl,542
archive/datasets/m_verified/workspace/crawl_state_relaxed/batchcrawl_20260604T002515Z_repo_discovery.csv,67
archive/datasets/m_verified/workspace/crawl_state_relaxed/batchcrawl_20260604T003911Z_repo_discovery.csv,67
archive/datasets/m_verified/workspace/crawl_state_relaxed/batchcrawl_20260604T004919Z_repo_discovery.csv,67
archive/datasets/m_verified/workspace/crawl_state_relaxed/batchcrawl_20260604T005936Z_repo_discovery.csv,67
archive/datasets/m_verified/workspace/crawl_state_relaxed/batchcrawl_20260604T011016Z_repo_discovery.csv,67
archive/datasets/m_verified/workspace/crawl_state_relaxed/batchcrawl_20260604T012055Z_repo_discovery.csv,67
archive/datasets/m_verified/workspace/crawl_state_relaxed/batchcrawl_20260604T013003Z_repo_discovery.csv,67
archive/datasets/m_verified/workspace/crawl_state_relaxed/batchcrawl_20260604T014011Z_repo_discovery.csv,67
archive/datasets/m_verified/workspace/crawl_state_relaxed/batchcrawl_20260604T015017Z_repo_discovery.csv,67
archive/datasets/m_verified/workspace/crawl_state_relaxed/batchcrawl_20260604T020020Z_repo_discovery.csv,67
archive/datasets/m_verified/workspace/crawl_state_relaxed/batchcrawl_20260604T021045Z_repo_discovery.csv,67
archive/datasets/m_verified/workspace/crawl_state_relaxed/batchcrawl_20260604T022123Z_repo_discovery.csv,67
archive/datasets/m_verified/workspace/crawl_state_relaxed/batchcrawl_20260606T124138Z_repo_discovery.csv,2616
archive/datasets/m_verified/workspace/crawl_state_relaxed/batchcrawl_20260606T124138Z_round0176_api_filelist_candidates.csv,91016
archive/datasets/m_verified/workspace/crawl_state_relaxed/batchcrawl_20260606T124138Z_round0176_api_filelist_candidates.jsonl,102775
archive/datasets/m_verified/workspace/crawl_state_relaxed/batchcrawl_20260606T124138Z_round0176_api_filelist_candidates_remote_diff.csv,858943
archive/datasets/m_verified/workspace/crawl_state_relaxed/batchcrawl_20260606T124138Z_round0176_api_filelist_candidates_remote_diff.jsonl,888297
archive/datasets/m_verified/workspace/crawl_state_relaxed/batchcrawl_20260606T124138Z_round0176_api_filelist_candidates_repo_status.jsonl,2979
archive/datasets/m_verified/workspace/crawl_state_relaxed/batchcrawl_20260606T124751Z_repo_discovery.csv,67
archive/datasets/m_verified/workspace/crawl_state_relaxed/batchcrawl_20260606T125746Z_repo_discovery.csv,352
archive/datasets/m_verified/workspace/crawl_state_relaxed/batchcrawl_20260606T125746Z_round0177_api_filelist_candidates.csv,1605
archive/datasets/m_verified/workspace/crawl_state_relaxed/batchcrawl_20260606T125746Z_round0177_api_filelist_candidates.jsonl,1745
archive/datasets/m_verified/workspace/crawl_state_relaxed/batchcrawl_20260606T125746Z_round0177_api_filelist_candidates_remote_diff.csv,4994
archive/datasets/m_verified/workspace/crawl_state_relaxed/batchcrawl_20260606T125746Z_round0177_api_filelist_candidates_remote_diff.jsonl,5235
archive/datasets/m_verified/workspace/crawl_state_relaxed/batchcrawl_20260606T125746Z_round0177_api_filelist_candidates_repo_status.jsonl,268
archive/datasets/m_verified/workspace/crawl_state_relaxed/batchcrawl_20260606T130309Z_repo_discovery.csv,67
archive/datasets/m_verified/workspace/crawl_state_relaxed/batchcrawl_20260606T131311Z_repo_discovery.csv,67
archive/datasets/m_verified/workspace/crawl_state_relaxed/batchcrawl_20260606T132311Z_repo_discovery.csv,67
archive/datasets/m_verified/workspace/crawl_state_relaxed/batchcrawl_20260609T042505Z_repo_discovery.csv,7259
archive/datasets/m_verified/workspace/crawl_state_relaxed/batchcrawl_20260609T042505Z_round0178_api_filelist_candidates.csv,213248
archive/datasets/m_verified/workspace/crawl_state_relaxed/batchcrawl_20260609T042505Z_round0178_api_filelist_candidates.jsonl,236590
archive/datasets/m_verified/workspace/crawl_state_relaxed/batchcrawl_20260609T042505Z_round0178_api_filelist_candidates_remote_diff.csv,3898277
archive/datasets/m_verified/workspace/crawl_state_relaxed/batchcrawl_20260609T042505Z_round0178_api_filelist_candidates_remote_diff.jsonl,4056680
archive/datasets/m_verified/workspace/crawl_state_relaxed/batchcrawl_20260609T042505Z_round0178_api_filelist_candidates_repo_status.jsonl,7110
archive/datasets/m_verified/workspace/label_snapshots/20260529_deepseek_experiment_catchup_after_round0068_labeled.csv,1095271
archive/datasets/m_verified/workspace/label_snapshots/20260529_deepseek_experiment_catchup_after_round0068_labeled.jsonl,1356196
archive/datasets/m_verified/workspace/label_snapshots/20260529_deepseek_experiment_catchup_ingest_labeled.csv,1887176
archive/datasets/m_verified/workspace/label_snapshots/20260529_deepseek_experiment_catchup_ingest_labeled.jsonl,2283386
archive/datasets/m_verified/workspace/label_snapshots/20260529_deepseek_experiment_full_ingest_labeled.csv,1369163
archive/datasets/m_verified/workspace/label_snapshots/20260529_deepseek_experiment_full_ingest_labeled.jsonl,1600787
archive/datasets/m_verified/workspace/label_snapshots/20260529_deepseek_experiment_resume_ingest_labeled.csv,2312471
archive/datasets/m_verified/workspace/label_snapshots/20260529_deepseek_experiment_resume_ingest_labeled.jsonl,2747853
archive/datasets/m_verified/workspace/label_snapshots/20260530_deepseek_experiment_catchup_after_round0084_labeled.csv,1803088
archive/datasets/m_verified/workspace/label_snapshots/20260530_deepseek_experiment_catchup_after_round0084_labeled.jsonl,2195133
archive/datasets/m_verified/workspace/label_snapshots/gitlog_all_pilot_labels_combined.csv,35328261
archive/datasets/m_verified/workspace/label_snapshots/ingest_round0114_20260531_labeled.csv,98420
archive/datasets/m_verified/workspace/label_snapshots/ingest_round0114_20260531_labeled.jsonl,124203
archive/datasets/m_verified/workspace/label_snapshots/ingest_round0115_0116_20260531_labeled.csv,256752
archive/datasets/m_verified/workspace/label_snapshots/ingest_round0115_0116_20260531_labeled.jsonl,310851
archive/datasets/m_verified/workspace/label_snapshots/ingest_round0117_20260531_labeled.csv,2743
archive/datasets/m_verified/workspace/label_snapshots/ingest_round0117_20260531_labeled.jsonl,3373
archive/datasets/m_verified/workspace/label_snapshots/ingest_round0176_0177_20260606_labeled.csv,98030
archive/datasets/m_verified/workspace/label_snapshots/ingest_round0176_0177_20260606_labeled.jsonl,111754
archive/datasets/m_verified/workspace/label_snapshots/ingest_tail_round0171_0175_20260604_labeled.csv,68625
archive/datasets/m_verified/workspace/label_snapshots/ingest_tail_round0171_0175_20260604_labeled.jsonl,82571
archive/datasets/m_verified/workspace/label_snapshots/ingest_workspace_backlog_20260603_labeled.csv,8983463
archive/datasets/m_verified/workspace/label_snapshots/ingest_workspace_backlog_20260603_labeled.jsonl,10815912
archive/datasets/m_verified/workspace/label_snapshots/round_runs_absorb_20260526_codex_labeled.csv,1490558
archive/datasets/m_verified/workspace/label_snapshots/round_runs_absorb_20260526_m_review_queue.csv,2103889
archive/datasets/m_verified/workspace/label_snapshots/round_runs_absorb_20260526_m_review_queue_narrow.csv,682955
archive/datasets/m_verified/workspace/label_snapshots/round_runs_absorb_20260526_manual_review.csv,3983
archive/datasets/m_verified/workspace/label_snapshots/round_runs_absorb_20260526_unlabeled_candidates.csv,39826407
archive/datasets/m_verified/workspace/recovery_batches/20260529_deepseek_experiment_catchup_after_round0068_label_input.csv,33773200
archive/datasets/m_verified/workspace/recovery_batches/20260529_deepseek_experiment_catchup_ingest_label_input.csv,26538392
archive/datasets/m_verified/workspace/recovery_batches/20260529_deepseek_experiment_full_ingest_label_input.csv,111245364
archive/datasets/m_verified/workspace/recovery_batches/20260529_deepseek_experiment_resume_ingest_label_input.csv,87273882
archive/datasets/m_verified/workspace/recovery_batches/20260530_deepseek_experiment_catchup_after_round0084_label_input.csv,51457747
archive/datasets/m_verified/workspace/recovery_batches/gitlog_highstar_newrepos_api_filelist_smoke_m_full_diff_recovery_batch.csv,129
archive/datasets/m_verified/workspace/recovery_batches/gitlog_highstar_newrepos_api_filelist_smoke_m_full_diff_recovery_batch.jsonl,129
archive/datasets/m_verified/workspace/recovery_batches/gitlog_highstar_newrepos_api_filelist_smoke_m_need_full_diff.csv,129
archive/datasets/m_verified/workspace/recovery_batches/gitlog_m_real_diff_cache_for_build.csv,132
archive/datasets/m_verified/workspace/recovery_batches/gitlog_manual_missing_m_diff_recovery_batch.csv,131
archive/datasets/m_verified/workspace/recovery_batches/gitlog_manual_missing_m_diff_recovery_batch.jsonl,131
archive/datasets/m_verified/workspace/recovery_batches/gitlog_manual_missing_m_diff_recovery_batch_final.csv,134
archive/datasets/m_verified/workspace/recovery_batches/gitlog_manual_missing_m_diff_recovery_batch_final.jsonl,134
archive/datasets/m_verified/workspace/recovery_batches/gitlog_manual_missing_m_diff_recovery_batch_final_remaining_failed_marked.csv,129
archive/datasets/m_verified/workspace/recovery_batches/gitlog_manual_missing_m_diff_recovery_batch_round2.csv,132
archive/datasets/m_verified/workspace/recovery_batches/gitlog_manual_missing_m_diff_recovery_batch_round2.jsonl,132
archive/datasets/m_verified/workspace/recovery_batches/gitlog_manual_missing_m_diff_recovery_batch_round2_failed_only.csv,129
archive/datasets/m_verified/workspace/recovery_batches/gitlog_manual_missing_m_diff_recovery_batch_round3_failed_only.csv,134
archive/datasets/m_verified/workspace/recovery_batches/gitlog_manual_missing_m_diff_recovery_batch_round3_failed_only.jsonl,134
archive/datasets/m_verified/workspace/recovery_batches/gitlog_round10_highstar_code_2_m_full_diff_recovery_batch.csv,132
archive/datasets/m_verified/workspace/recovery_batches/gitlog_round10_highstar_code_2_m_full_diff_recovery_batch.jsonl,132
archive/datasets/m_verified/workspace/recovery_batches/gitlog_round10_highstar_code_2_m_full_diff_recovery_retry_batch.csv,131
archive/datasets/m_verified/workspace/recovery_batches/gitlog_round10_highstar_code_2_m_full_diff_recovery_retry_batch.jsonl,131
archive/datasets/m_verified/workspace/recovery_batches/gitlog_round10_highstar_code_2_m_full_diff_retry_needed.csv,130
archive/datasets/m_verified/workspace/recovery_batches/gitlog_round10_highstar_code_2_m_need_full_diff.csv,131
archive/datasets/m_verified/workspace/recovery_batches/gitlog_round10_highstar_code_3_m_full_diff_recovery_batch.csv,131
archive/datasets/m_verified/workspace/recovery_batches/gitlog_round10_highstar_code_3_m_full_diff_recovery_batch.jsonl,131
archive/datasets/m_verified/workspace/recovery_batches/gitlog_round10_highstar_code_3_m_full_diff_recovery_retry_batch.csv,132
archive/datasets/m_verified/workspace/recovery_batches/gitlog_round10_highstar_code_3_m_full_diff_recovery_retry_batch.jsonl,132
archive/datasets/m_verified/workspace/recovery_batches/gitlog_round10_highstar_code_3_m_need_full_diff.csv,131
archive/datasets/m_verified/workspace/recovery_batches/gitlog_round10_highstar_code_m_full_diff_recovery_batch.csv,132
archive/datasets/m_verified/workspace/recovery_batches/gitlog_round10_highstar_code_m_full_diff_recovery_batch.jsonl,132
archive/datasets/m_verified/workspace/recovery_batches/gitlog_round10_highstar_code_m_full_diff_recovery_ok_firstpass.csv,132
archive/datasets/m_verified/workspace/recovery_batches/gitlog_round10_highstar_code_m_full_diff_recovery_retry_batch.csv,132
archive/datasets/m_verified/workspace/recovery_batches/gitlog_round10_highstar_code_m_full_diff_recovery_retry_batch.jsonl,132
archive/datasets/m_verified/workspace/recovery_batches/gitlog_round10_highstar_code_m_full_diff_retry_needed.csv,131
archive/datasets/m_verified/workspace/recovery_batches/gitlog_round10_highstar_code_m_need_full_diff.csv,131
archive/datasets/m_verified/workspace/recovery_batches/gitlog_round11_deeptime_p05_off000_120_m_full_diff_recovery_batch.csv,132
archive/datasets/m_verified/workspace/recovery_batches/gitlog_round11_deeptime_p05_off000_120_m_full_diff_recovery_batch.jsonl,132
archive/datasets/m_verified/workspace/recovery_batches/gitlog_round11_deeptime_p05_off000_120_m_full_diff_recovery_retry_batch.csv,133
archive/datasets/m_verified/workspace/recovery_batches/gitlog_round11_deeptime_p05_off000_120_m_full_diff_recovery_retry_batch.jsonl,133
archive/datasets/m_verified/workspace/recovery_batches/gitlog_round11_deeptime_p05_off000_120_m_need_full_diff.csv,131
archive/datasets/m_verified/workspace/recovery_batches/gitlog_round11_deeptime_p05_off180_540_m_full_diff_recovery_batch.csv,133
archive/datasets/m_verified/workspace/recovery_batches/gitlog_round11_deeptime_p05_off180_540_m_full_diff_recovery_batch.jsonl,133
archive/datasets/m_verified/workspace/recovery_batches/gitlog_round11_deeptime_p05_off180_540_m_need_full_diff.csv,131
archive/datasets/m_verified/workspace/recovery_batches/gitlog_round12_deeptime_p09_off240_m_full_diff_recovery_batch.csv,132
archive/datasets/m_verified/workspace/recovery_batches/gitlog_round12_deeptime_p09_off240_m_full_diff_recovery_batch.jsonl,132
archive/datasets/m_verified/workspace/recovery_batches/gitlog_round12_deeptime_p09_off240_m_need_full_diff.csv,130
archive/datasets/m_verified/workspace/recovery_batches/gitlog_round12_deeptime_p09_off300_m_full_diff_recovery_batch.csv,131
archive/datasets/m_verified/workspace/recovery_batches/gitlog_round12_deeptime_p09_off300_m_full_diff_recovery_batch.jsonl,131
archive/datasets/m_verified/workspace/recovery_batches/gitlog_round12_deeptime_p09_off300_m_need_full_diff.csv,130
archive/datasets/m_verified/workspace/recovery_batches/gitlog_round12_deeptime_p09_off360_m_full_diff_recovery_batch.csv,131
archive/datasets/m_verified/workspace/recovery_batches/gitlog_round12_deeptime_p09_off360_m_full_diff_recovery_batch.jsonl,131
archive/datasets/m_verified/workspace/recovery_batches/gitlog_round12_deeptime_p09_off360_m_need_full_diff.csv,130
archive/datasets/m_verified/workspace/recovery_batches/gitlog_round13_ht_off060_m_full_diff_recovery_batch.csv,130
archive/datasets/m_verified/workspace/recovery_batches/gitlog_round13_ht_off060_m_full_diff_recovery_batch.jsonl,130
archive/datasets/m_verified/workspace/recovery_batches/gitlog_round13_ht_off060_m_full_diff_recovery_retry_batch.csv,131
archive/datasets/m_verified/workspace/recovery_batches/gitlog_round13_ht_off060_m_full_diff_recovery_retry_batch.jsonl,131
archive/datasets/m_verified/workspace/recovery_batches/gitlog_round13_ht_off060_m_need_full_diff.csv,130
archive/datasets/m_verified/workspace/recovery_batches/gitlog_round13_ht_off180_m_full_diff_recovery_batch.csv,130
archive/datasets/m_verified/workspace/recovery_batches/gitlog_round13_ht_off180_m_full_diff_recovery_batch.jsonl,130
archive/datasets/m_verified/workspace/recovery_batches/gitlog_round13_ht_off180_m_need_full_diff.csv,130
archive/datasets/m_verified/workspace/recovery_batches/gitlog_round13_ht_off300_m_full_diff_recovery_batch.csv,131
archive/datasets/m_verified/workspace/recovery_batches/gitlog_round13_ht_off300_m_full_diff_recovery_batch.jsonl,131
archive/datasets/m_verified/workspace/recovery_batches/gitlog_round13_ht_off300_m_need_full_diff.csv,129
archive/datasets/m_verified/workspace/recovery_batches/gitlog_round13_ht_off420_m_full_diff_recovery_batch.csv,131
archive/datasets/m_verified/workspace/recovery_batches/gitlog_round13_ht_off420_m_full_diff_recovery_batch.jsonl,131
archive/datasets/m_verified/workspace/recovery_batches/gitlog_round13_ht_off420_m_need_full_diff.csv,129
archive/datasets/m_verified/workspace/recovery_batches/gitlog_round14_r6hy_off000_m_full_diff_recovery_batch.csv,131
archive/datasets/m_verified/workspace/recovery_batches/gitlog_round14_r6hy_off000_m_full_diff_recovery_batch.jsonl,131
archive/datasets/m_verified/workspace/recovery_batches/gitlog_round14_r6hy_off000_m_need_full_diff.csv,130
archive/datasets/m_verified/workspace/recovery_batches/gitlog_round14_r6hy_off120_m_full_diff_recovery_batch.csv,130
archive/datasets/m_verified/workspace/recovery_batches/gitlog_round14_r6hy_off120_m_full_diff_recovery_batch.jsonl,130
archive/datasets/m_verified/workspace/recovery_batches/gitlog_round14_r6hy_off120_m_full_diff_recovery_retry_batch.csv,131
archive/datasets/m_verified/workspace/recovery_batches/gitlog_round14_r6hy_off120_m_full_diff_recovery_retry_batch.jsonl,131
archive/datasets/m_verified/workspace/recovery_batches/gitlog_round14_r6hy_off120_m_need_full_diff.csv,130
archive/datasets/m_verified/workspace/recovery_batches/gitlog_round15_precision_remnant_m_full_diff_recovery_batch.csv,129
archive/datasets/m_verified/workspace/recovery_batches/gitlog_round15_precision_remnant_m_full_diff_recovery_batch.jsonl,129
archive/datasets/m_verified/workspace/recovery_batches/gitlog_round15_precision_remnant_m_need_full_diff.csv,129
archive/datasets/m_verified/workspace/recovery_batches/gitlog_round16_focus_off000_m_full_diff_recovery_batch.csv,130
archive/datasets/m_verified/workspace/recovery_batches/gitlog_round16_focus_off000_m_full_diff_recovery_batch.jsonl,131
archive/datasets/m_verified/workspace/recovery_batches/gitlog_round16_focus_off000_m_full_diff_recovery_retry_batch.csv,131
archive/datasets/m_verified/workspace/recovery_batches/gitlog_round16_focus_off000_m_full_diff_recovery_retry_batch.jsonl,131
archive/datasets/m_verified/workspace/recovery_batches/gitlog_round16_focus_off000_m_need_full_diff.csv,130
archive/datasets/m_verified/workspace/recovery_batches/gitlog_round16_focus_off160_m_full_diff_recovery_batch.csv,131
archive/datasets/m_verified/workspace/recovery_batches/gitlog_round16_focus_off160_m_full_diff_recovery_batch.jsonl,131
archive/datasets/m_verified/workspace/recovery_batches/gitlog_round16_focus_off160_m_need_full_diff.csv,130
archive/datasets/m_verified/workspace/recovery_batches/gitlog_round16_focus_off320_m_full_diff_recovery_batch.csv,132
archive/datasets/m_verified/workspace/recovery_batches/gitlog_round16_focus_off320_m_full_diff_recovery_batch.jsonl,132
archive/datasets/m_verified/workspace/recovery_batches/gitlog_round16_focus_off320_m_full_diff_recovery_retry_batch.csv,132
archive/datasets/m_verified/workspace/recovery_batches/gitlog_round16_focus_off320_m_full_diff_recovery_retry_batch.jsonl,132
archive/datasets/m_verified/workspace/recovery_batches/gitlog_round16_focus_off320_m_need_full_diff.csv,130
archive/datasets/m_verified/workspace/recovery_batches/gitlog_round16_focus_off480_m_full_diff_recovery_batch.csv,131
archive/datasets/m_verified/workspace/recovery_batches/gitlog_round16_focus_off480_m_full_diff_recovery_batch.jsonl,131
archive/datasets/m_verified/workspace/recovery_batches/gitlog_round16_focus_off480_m_full_diff_recovery_retry_batch.csv,132
archive/datasets/m_verified/workspace/recovery_batches/gitlog_round16_focus_off480_m_full_diff_recovery_retry_batch.jsonl,132
archive/datasets/m_verified/workspace/recovery_batches/gitlog_round16_focus_off480_m_need_full_diff.csv,130
archive/datasets/m_verified/workspace/recovery_batches/gitlog_round16_focus_off640_m_full_diff_recovery_batch.csv,131
archive/datasets/m_verified/workspace/recovery_batches/gitlog_round16_focus_off640_m_full_diff_recovery_batch.jsonl,131
archive/datasets/m_verified/workspace/recovery_batches/gitlog_round16_focus_off640_m_need_full_diff.csv,130
archive/datasets/m_verified/workspace/recovery_batches/gitlog_round16_focus_off800_m_full_diff_recovery_batch.csv,131
archive/datasets/m_verified/workspace/recovery_batches/gitlog_round16_focus_off800_m_full_diff_recovery_batch.jsonl,131
archive/datasets/m_verified/workspace/recovery_batches/gitlog_round16_focus_off800_m_need_full_diff.csv,130
archive/datasets/m_verified/workspace/recovery_batches/gitlog_round16_focus_off960_m_full_diff_recovery_batch.csv,131
archive/datasets/m_verified/workspace/recovery_batches/gitlog_round16_focus_off960_m_full_diff_recovery_batch.jsonl,131
archive/datasets/m_verified/workspace/recovery_batches/gitlog_round16_focus_off960_m_need_full_diff.csv,130
archive/datasets/m_verified/workspace/recovery_batches/gitlog_round16_focuswide_off000_m_full_diff_recovery_batch.csv,131
archive/datasets/m_verified/workspace/recovery_batches/gitlog_round16_focuswide_off000_m_full_diff_recovery_batch.jsonl,131
archive/datasets/m_verified/workspace/recovery_batches/gitlog_round16_focuswide_off000_m_need_full_diff.csv,130
archive/datasets/m_verified/workspace/recovery_batches/gitlog_round6_hf_new_m_full_diff_recovery_batch.csv,132
archive/datasets/m_verified/workspace/recovery_batches/gitlog_round6_hf_new_m_full_diff_recovery_batch.jsonl,132
archive/datasets/m_verified/workspace/recovery_batches/gitlog_round6_hf_new_m_need_full_diff.csv,130
archive/datasets/m_verified/workspace/recovery_batches/gitlog_round6_new_m_local_full_diff_recovery_batch.csv,130
archive/datasets/m_verified/workspace/recovery_batches/gitlog_round6_new_m_need_full_diff.csv,130
archive/datasets/m_verified/workspace/recovery_batches/gitlog_round6_old_truncated_m_full_diff_recovery_batch.csv,130
archive/datasets/m_verified/workspace/recovery_batches/gitlog_round6_old_truncated_m_full_diff_recovery_batch.jsonl,130
archive/datasets/m_verified/workspace/recovery_batches/gitlog_round6_old_truncated_m_need_full_diff.csv,129
archive/datasets/m_verified/workspace/recovery_batches/gitlog_round7_filelist_m_full_diff_recovery_batch.csv,130
archive/datasets/m_verified/workspace/recovery_batches/gitlog_round7_filelist_m_full_diff_recovery_batch.jsonl,130
archive/datasets/m_verified/workspace/recovery_batches/gitlog_round7_filelist_m_need_full_diff.csv,129
archive/datasets/m_verified/workspace/recovery_batches/gitlog_round7_filelist_top60_m_full_diff_recovery_batch.csv,131
archive/datasets/m_verified/workspace/recovery_batches/gitlog_round7_filelist_top60_m_full_diff_recovery_batch.jsonl,131
archive/datasets/m_verified/workspace/recovery_batches/gitlog_round7_filelist_top60_m_need_full_diff.csv,130
archive/datasets/m_verified/workspace/recovery_batches/gitlog_round8_ht_smoke_m_full_diff_recovery_batch.csv,131
archive/datasets/m_verified/workspace/recovery_batches/gitlog_round8_ht_smoke_m_full_diff_recovery_batch.jsonl,131
archive/datasets/m_verified/workspace/recovery_batches/gitlog_round8_ht_smoke_m_need_full_diff.csv,130
archive/datasets/m_verified/workspace/recovery_batches/gitlog_round9_highstar_code_m_full_diff_recovery_batch.csv,132
archive/datasets/m_verified/workspace/recovery_batches/gitlog_round9_highstar_code_m_full_diff_recovery_batch.jsonl,132
archive/datasets/m_verified/workspace/recovery_batches/gitlog_round9_highstar_code_m_need_full_diff.csv,131
archive/datasets/m_verified/workspace/recovery_batches/ingest_round0114_20260531_label_input.csv,971780
archive/datasets/m_verified/workspace/recovery_batches/ingest_round0115_0116_20260531_label_input.csv,15768958
archive/datasets/m_verified/workspace/recovery_batches/ingest_round0117_20260531_label_input.csv,5707
archive/datasets/m_verified/workspace/recovery_batches/ingest_round0176_0177_20260606_label_input.csv,863653
archive/datasets/m_verified/workspace/recovery_batches/ingest_tail_round0171_0175_20260604_label_input.csv,1016363
archive/datasets/m_verified/workspace/recovery_batches/ingest_workspace_backlog_20260603_label_input.csv,300572716
archive/datasets/m_verified/workspace/recovery_batches/m_missing_real_diff_to_recover.csv,620
archive/datasets/m_verified/workspace/smoke/_resume_smoke_remote_diff.csv,129
archive/datasets/m_verified/workspace/smoke/_resume_smoke_remote_diff.jsonl,129
archive/datasets/step1/workspace/upstream_candidate_pool/prefilter_allcommits.csv,24399290
archive/datasets/step1/workspace/upstream_candidate_pool/prefilter_allcommits_step2_sha_annotated_repo_disjoint.csv,1393271
archive/datasets/step1/workspace/upstream_candidate_pool/prefilter_allcommits_step2_sha_disjoint.csv,23473056
archive/step1_review_backups/annotated_overlap_annotator_b.pre_relabel_backup.csv,16718738
archive/step2_preview_source/annotation_round3_atomicity_spectrum_3000/annotation_round3_atomicity_spectrum_3000_minimal.csv,82945365
datasets/derived/step1_runs/step1_formal_step2_sha_expanded_annotated_disjoint_p1600_20260526T024945Z/annotated_splits/calibration.csv,2441180
datasets/derived/step1_runs/step1_formal_step2_sha_expanded_annotated_disjoint_p1600_20260526T024945Z/annotated_splits/calibration_shas.csv,2735
datasets/derived/step1_runs/step1_formal_step2_sha_expanded_annotated_disjoint_p1600_20260526T024945Z/annotated_splits/evaluation.csv,13902285
datasets/derived/step1_runs/step1_formal_step2_sha_expanded_annotated_disjoint_p1600_20260526T024945Z/annotated_splits/evaluation_shas.csv,10043
datasets/derived/step1_runs/step1_formal_step2_sha_expanded_annotated_disjoint_p1600_20260526T024945Z/annotated_splits/gbdt_train.csv,71960431
datasets/derived/step1_runs/step1_formal_step2_sha_expanded_annotated_disjoint_p1600_20260526T024945Z/annotated_splits/gbdt_train_shas.csv,45575
datasets/derived/step1_runs/step1_formal_step2_sha_expanded_annotated_disjoint_p1600_20260526T024945Z/annotated_splits/protocol.csv,6037809
datasets/derived/step1_runs/step1_formal_step2_sha_expanded_annotated_disjoint_p1600_20260526T024945Z/annotated_splits/protocol_shas.csv,7439
datasets/derived/step1_runs/step1_formal_step2_sha_expanded_annotated_disjoint_p1600_20260526T024945Z/annotated_splits/proxy_gap.csv,5768514
datasets/derived/step1_runs/step1_formal_step2_sha_expanded_annotated_disjoint_p1600_20260526T024945Z/annotated_splits/proxy_gap_shas.csv,4835
datasets/derived/step1_runs/step1_formal_step2_sha_expanded_annotated_disjoint_p1600_20260526T024945Z/enriched/resolved_candidates.csv,143548875
datasets/derived/step1_runs/step1_formal_step2_sha_expanded_annotated_disjoint_p1600_20260526T024945Z/enriched/resolved_commit_texts.jsonl,134000486
datasets/derived/step1_runs/step1_formal_step2_sha_expanded_annotated_disjoint_p1600_20260526T024945Z/selection/selection_batch.csv,10078607
datasets/derived/step1_runs/step1_formal_step2_sha_expanded_annotated_disjoint_p1600_20260526T024945Z/strategy_compare_20260526T024945Z/comparison/candidate_overlap_matrix.csv,197
datasets/derived/step1_runs/step1_formal_step2_sha_expanded_annotated_disjoint_p1600_20260526T024945Z/strategy_compare_20260526T024945Z/comparison/precision_recall_summary.csv,827
datasets/derived/step1_runs/step1_formal_step2_sha_expanded_annotated_disjoint_p1600_20260526T024945Z/strategy_compare_20260526T024945Z/conservative_atomic_sources.csv,14807096
datasets/derived/step1_runs/step1_formal_step2_sha_expanded_annotated_disjoint_p1600_20260526T024945Z/strategy_compare_20260526T024945Z/model_only/candidate_scores.csv,144293315
datasets/derived/step1_runs/step1_formal_step2_sha_expanded_annotated_disjoint_p1600_20260526T024945Z/strategy_compare_20260526T024945Z/model_only/selected_candidates.csv,36305763
datasets/derived/step1_runs/step1_formal_step2_sha_expanded_annotated_disjoint_p1600_20260526T024945Z/strategy_compare_20260526T024945Z/model_rule_refilter/candidate_scores.csv,144561699
datasets/derived/step1_runs/step1_formal_step2_sha_expanded_annotated_disjoint_p1600_20260526T024945Z/strategy_compare_20260526T024945Z/model_rule_refilter/selected_candidates.csv,20076969
datasets/derived/step1_runs/step1_formal_step2_sha_expanded_annotated_disjoint_p1600_20260526T024945Z/strategy_compare_20260526T024945Z/rule_only/candidate_scores.csv,144252643
datasets/derived/step1_runs/step1_formal_step2_sha_expanded_annotated_disjoint_p1600_20260526T024945Z/strategy_compare_20260526T024945Z/rule_only/selected_candidates.csv,20356030
datasets/derived/step1_runs/step1_formal_step2_sha_expanded_annotated_disjoint_p1600_20260526T024945Z/validation/tier_a_audit_sample.csv,1913495
datasets/derived/step1_runs/step1_formal_step2_sha_expanded_annotated_disjoint_p1600_20260526T024945Z/validation/tier_a_audit_sample_labeled.csv,1929870
datasets/derived/step1_runs/step1_formal_step2_sha_expanded_annotated_disjoint_p1600_20260526T024945Z/validation/tier_a_candidates.csv,35867355
datasets/derived/step1_runs/step1_formal_step2_sha_expanded_annotated_disjoint_p1600_20260526T024945Z/validation/tier_a_misclassification_patterns.csv,876
datasets/derived/step1_runs/step1_formal_step2_sha_expanded_annotated_disjoint_p1600_20260526T024945Z/validation/tier_a_review_sample.csv,170196
datasets/derived/step1_runs/step1_formal_step2_sha_expanded_annotated_disjoint_p1600_20260526T024945Z/validation/tier_b_audit_sample.csv,6024
datasets/derived/step1_runs/step1_formal_step2_sha_expanded_annotated_disjoint_p1600_20260526T024945Z/validation/tier_b_candidates.csv,5953
datasets/derived/step1_runs/step1_formal_step2_sha_expanded_annotated_disjoint_p1600_20260526T024945Z/validation/tier_b_misclassification_patterns.csv,72
datasets/derived/step1_runs/step1_formal_step2_sha_expanded_annotated_disjoint_p1600_20260526T024945Z/validation/tier_b_review_sample.csv,5953
datasets/derived/step1_runs/step1_formal_step2_sha_expanded_annotated_disjoint_p1600_20260526T024945Z/validation/tier_c_candidates.csv,107393064
datasets/derived/step1_runs/step1_formal_step2_sha_expanded_annotated_disjoint_p3000_20260527T071833Z/annotated_splits/calibration.csv,2441180
datasets/derived/step1_runs/step1_formal_step2_sha_expanded_annotated_disjoint_p3000_20260527T071833Z/annotated_splits/calibration_shas.csv,2735
datasets/derived/step1_runs/step1_formal_step2_sha_expanded_annotated_disjoint_p3000_20260527T071833Z/annotated_splits/evaluation.csv,13902285
datasets/derived/step1_runs/step1_formal_step2_sha_expanded_annotated_disjoint_p3000_20260527T071833Z/annotated_splits/evaluation_shas.csv,10043
datasets/derived/step1_runs/step1_formal_step2_sha_expanded_annotated_disjoint_p3000_20260527T071833Z/annotated_splits/gbdt_train.csv,71960431
datasets/derived/step1_runs/step1_formal_step2_sha_expanded_annotated_disjoint_p3000_20260527T071833Z/annotated_splits/gbdt_train_shas.csv,45575
datasets/derived/step1_runs/step1_formal_step2_sha_expanded_annotated_disjoint_p3000_20260527T071833Z/annotated_splits/protocol.csv,6037809
datasets/derived/step1_runs/step1_formal_step2_sha_expanded_annotated_disjoint_p3000_20260527T071833Z/annotated_splits/protocol_shas.csv,7439
datasets/derived/step1_runs/step1_formal_step2_sha_expanded_annotated_disjoint_p3000_20260527T071833Z/annotated_splits/proxy_gap.csv,5768514
datasets/derived/step1_runs/step1_formal_step2_sha_expanded_annotated_disjoint_p3000_20260527T071833Z/annotated_splits/proxy_gap_shas.csv,4835
datasets/derived/step1_runs/step1_formal_step2_sha_expanded_annotated_disjoint_p3000_20260527T071833Z/enriched/resolved_candidates.csv,282697296
datasets/derived/step1_runs/step1_formal_step2_sha_expanded_annotated_disjoint_p3000_20260527T071833Z/enriched/resolved_commit_texts.jsonl,256741458
datasets/derived/step1_runs/step1_formal_step2_sha_expanded_annotated_disjoint_p3000_20260527T071833Z/selection/selection_batch.csv,18901555
datasets/derived/step1_runs/step1_formal_step2_sha_expanded_annotated_disjoint_p3000_20260527T071833Z/strategy_compare_20260527T071833Z/comparison/candidate_overlap_matrix.csv,197
datasets/derived/step1_runs/step1_formal_step2_sha_expanded_annotated_disjoint_p3000_20260527T071833Z/strategy_compare_20260527T071833Z/comparison/precision_recall_summary.csv,867
datasets/derived/step1_runs/step1_formal_step2_sha_expanded_annotated_disjoint_p3000_20260527T071833Z/strategy_compare_20260527T071833Z/conservative_atomic_sources.csv,24507923
datasets/derived/step1_runs/step1_formal_step2_sha_expanded_annotated_disjoint_p3000_20260527T071833Z/strategy_compare_20260527T071833Z/model_only/candidate_scores.csv,284091868
datasets/derived/step1_runs/step1_formal_step2_sha_expanded_annotated_disjoint_p3000_20260527T071833Z/strategy_compare_20260527T071833Z/model_only/selected_candidates.csv,61662192
datasets/derived/step1_runs/step1_formal_step2_sha_expanded_annotated_disjoint_p3000_20260527T071833Z/strategy_compare_20260527T071833Z/model_rule_refilter/candidate_scores.csv,284596956
datasets/derived/step1_runs/step1_formal_step2_sha_expanded_annotated_disjoint_p3000_20260527T071833Z/strategy_compare_20260527T071833Z/model_rule_refilter/selected_candidates.csv,34416519
datasets/derived/step1_runs/step1_formal_step2_sha_expanded_annotated_disjoint_p3000_20260527T071833Z/strategy_compare_20260527T071833Z/rule_only/candidate_scores.csv,284015800
datasets/derived/step1_runs/step1_formal_step2_sha_expanded_annotated_disjoint_p3000_20260527T071833Z/strategy_compare_20260527T071833Z/rule_only/selected_candidates.csv,34638152
datasets/derived/step1_runs/step1_formal_step2_sha_expanded_annotated_disjoint_p3000_20260527T071833Z/validation/tier_a_audit_sample.csv,1981671
datasets/derived/step1_runs/step1_formal_step2_sha_expanded_annotated_disjoint_p3000_20260527T071833Z/validation/tier_a_audit_sample_labeled.csv,1998210
datasets/derived/step1_runs/step1_formal_step2_sha_expanded_annotated_disjoint_p3000_20260527T071833Z/validation/tier_a_candidates.csv,60833235
datasets/derived/step1_runs/step1_formal_step2_sha_expanded_annotated_disjoint_p3000_20260527T071833Z/validation/tier_a_misclassification_patterns.csv,681
datasets/derived/step1_runs/step1_formal_step2_sha_expanded_annotated_disjoint_p3000_20260527T071833Z/validation/tier_a_review_sample.csv,185366
datasets/derived/step1_runs/step1_formal_step2_sha_expanded_annotated_disjoint_p3000_20260527T071833Z/validation/tier_b_audit_sample.csv,6024
datasets/derived/step1_runs/step1_formal_step2_sha_expanded_annotated_disjoint_p3000_20260527T071833Z/validation/tier_b_candidates.csv,5953
datasets/derived/step1_runs/step1_formal_step2_sha_expanded_annotated_disjoint_p3000_20260527T071833Z/validation/tier_b_misclassification_patterns.csv,72
datasets/derived/step1_runs/step1_formal_step2_sha_expanded_annotated_disjoint_p3000_20260527T071833Z/validation/tier_b_review_sample.csv,5953
datasets/derived/step1_runs/step1_formal_step2_sha_expanded_annotated_disjoint_p3000_20260527T071833Z/validation/tier_c_candidates.csv,212675229
datasets/derived/step1_source_pool/current/conservative_atomic_sources.csv,24507923
datasets/derived/step2_bridge/current/step2_source_candidates_from_step1.csv,24518134
datasets/hard_b/canonical/usable_hard_b_with_real_diff.csv,98458359
datasets/hard_b/canonical/usable_hard_b_with_real_diff.jsonl,102428237
datasets/hard_b/review/hard_b_review_sample.csv,275715
datasets/m_verified/canonical/usable_m_with_real_diff.csv,564795549
datasets/m_verified/canonical/usable_m_with_real_diff.jsonl,581432499
datasets/step1/canonical/annotated_dataset.csv,75527553
datasets/step1/canonical/prefilter_allcommits_step2_sha_and_expanded_annotated_disjoint.csv,23005229
datasets/step1/review/annotated_overlap_annotator_a.csv,16724488
datasets/step1/review/annotated_overlap_annotator_b.csv,16718548
datasets/step1/review/annotated_overlap_conflicts_a_vs_b.csv,58
datasets/step1/runtime_support/resolved_metadata.csv,24991393
datasets/step1/runtime_support/unresolved_metadata.csv,125738
datasets/step2/candidate_sources/m_only_disjoint_candidates.csv,90611874
datasets/step2/candidate_sources/strict_repo_sha_disjoint_candidates.csv,40971
datasets/step2/review/m_only_review_sheet.csv,90806676
